datetime,SMH_buy_hold,S12_full,L1+L4
2025-01-02,50000.0,50000.0,50000.0
2025-01-03,51439.26492713041,50000.0,50000.0
2025-01-06,53136.149663388955,51629.406089552765,50407.35152238819
2025-01-07,51895.408074979096,50423.84731786883,50113.09564483768
2025-01-08,51525.14674712298,50064.08522414844,49929.311857854475
2025-01-10,50488.390604097935,49056.72762930639,49426.98897229633
2025-01-13,49988.05832186627,48570.58290970038,49182.0819956582
2025-01-14,50157.36395135845,48735.08766124285,49265.369921130274
2025-01-15,51330.381583191396,49874.842875870985,49841.44831723878
2025-01-16,51573.65691647754,50111.219825525186,50067.69870697846
2025-01-17,52790.79562955949,51293.845011638776,51249.29679434846
2025-01-21,53633.90754795123,52113.04941183227,52067.789723299815
2025-01-22,54607.72432378193,53059.252365841625,53013.170909029075
2025-01-23,54554.66553069453,53007.69812278329,52961.66144034125
2025-01-24,53469.51607819695,51953.3194727349,51908.19850813773
2025-01-27,48103.954147259945,46739.90492188985,46699.311758321885
2025-01-28,49045.92345999126,46721.2089599211,46680.63203361856
2025-01-29,48863.016066629505,46721.2089599211,46680.63203361856
2025-01-30,50007.846724854964,46721.2089599211,46680.63203361856
2025-01-31,49693.8018849303,46721.2089599211,46680.63203361856
2025-02-03,48725.118124206216,46721.2089599211,46680.63203361856
2025-02-04,49273.96765566888,46721.2089599211,46680.63203361856
2025-02-05,50428.22695296389,46721.2089599211,46680.63203361856
2025-02-06,50675.086761153245,46721.2089599211,46680.63203361856
2025-02-07,49996.039126078715,46721.2089599211,46680.63203361856
2025-02-10,50934.49203925554,46721.2089599211,46680.63203361856
2025-02-11,50988.93567443574,46721.2089599211,46680.63203361856
2025-02-12,50721.14496496817,46721.2089599211,46680.63203361856
2025-02-13,51418.7730866836,46721.2089599211,46680.63203361856
2025-02-14,51553.447771123494,46721.2089599211,46680.63203361856
2025-02-18,52293.82633569486,46721.2089599211,46680.63203361856
2025-02-19,52522.67676048123,46721.2089599211,46680.63203361856
2025-02-20,52616.71463420772,46721.2089599211,46680.63203361856
2025-02-21,51026.33880800371,46721.2089599211,46680.63203361856
2025-02-24,49693.694050006314,46721.2089599211,46680.63203361856
2025-02-25,48635.586015838635,46721.2089599211,46680.63203361856
2025-02-26,49766.34654522649,47788.772402240866,46947.291102020565
2025-02-27,46730.8041477918,44873.853891666105,46231.39319872873
2025-02-28,47545.3823262066,44855.904350109435,46226.77005940885
2025-03-03,45579.70301036465,44855.904350109435,46226.77005940885
2025-03-04,46034.83352163955,44855.904350109435,46226.77005940885
2025-03-05,46883.4686252971,44855.904350109435,46226.77005940885
2025-03-06,44902.36041493263,44855.904350109435,46226.77005940885
2025-03-07,45983.81604262253,44855.904350109435,46226.77005940885
2025-03-10,43800.61854377909,44855.904350109435,46226.77005940885
2025-03-11,43737.964916057805,44855.904350109435,46226.77005940885
2025-03-12,45023.12788240355,44855.904350109435,46226.77005940885
2025-03-13,44825.379810064966,44855.904350109435,46226.77005940885
2025-03-14,46247.46451396831,44855.904350109435,46226.77005940885
2025-03-17,46736.14821268986,44855.904350109435,46226.77005940885
2025-03-18,46011.010593927735,44855.904350109435,46226.77005940885
2025-03-19,46417.193919688994,44855.904350109435,46226.77005940885
2025-03-20,46347.643541636644,44855.904350109435,46226.77005940885
2025-03-21,45890.07341285133,44855.904350109435,46226.77005940885
2025-03-24,47080.8327323928,44855.904350109435,46226.77005940885
2025-03-25,46880.648046150694,44855.904350109435,46226.77005940885
2025-03-26,45313.88250296571,44855.904350109435,46226.77005940885
2025-03-27,44440.800580053045,44855.904350109435,46226.77005940885
2025-03-28,43297.83104437998,44855.904350109435,46226.77005940885
2025-03-31,43174.70340606189,44855.904350109435,46226.77005940885
2025-04-01,43383.70851078675,44855.904350109435,46226.77005940885
2025-04-02,43728.07020151792,44855.904350109435,46226.77005940885
2025-04-03,39863.55351488958,44855.904350109435,46226.77005940885
2025-04-04,36794.317097496154,44855.904350109435,46226.77005940885
2025-04-07,37726.53967135525,44855.904350109435,46226.77005940885
2025-04-08,36828.08626759504,44855.904350109435,46226.77005940885
2025-04-09,43088.66221360166,44855.904350109435,46226.77005940885
2025-04-10,40051.09767676892,44855.904350109435,46226.77005940885
2025-04-11,41095.10988195345,44855.904350109435,46226.77005940885
2025-04-14,41182.635547556565,44855.904350109435,46226.77005940885
2025-04-15,41449.961064358606,44855.904350109435,46226.77005940885
2025-04-16,39711.67196781535,44855.904350109435,46226.77005940885
2025-04-17,39344.83516290116,44855.904350109435,46226.77005940885
2025-04-21,38380.15500449906,44855.904350109435,46226.77005940885
2025-04-22,39207.60318790814,44855.904350109435,46226.77005940885
2025-04-23,40666.033251719804,44855.904350109435,46226.77005940885
2025-04-24,42697.81169250294,44855.904350109435,46226.77005940885
2025-04-25,43319.24251053495,44855.904350109435,46226.77005940885
2025-04-28,43049.22699884317,44855.904350109435,46226.77005940885
2025-04-29,42976.89246035518,44855.904350109435,46226.77005940885
2025-04-30,43212.1057758468,44855.904350109435,46226.77005940885
2025-05-01,43429.85832753806,44855.904350109435,46226.77005940885
2025-05-02,44801.04952732761,44855.904350109435,46226.77005940885
2025-05-05,44511.69004226816,44855.904350109435,46226.77005940885
2025-05-06,44105.858439473646,44855.904350109435,46226.77005940885
2025-05-07,45011.62737550098,44855.904350109435,46226.77005940885
2025-05-08,45408.80401468505,44855.904350109435,46226.77005940885
2025-05-09,45708.11502181224,44855.904350109435,46226.77005940885
2025-05-12,48566.64935093441,47643.200016396135,46944.88999099768
2025-05-13,50224.74581369503,49269.769328414426,47345.57213130917
2025-05-14,50721.17199015317,49250.061420683065,47340.83757409604
2025-05-15,50547.850083695856,49250.061420683065,47340.83757409604
2025-05-16,50403.00716262045,49089.23723855907,47302.19015283251
2025-05-19,50338.75218721453,49026.657088900894,47287.11465815464
2025-05-20,50245.57709883044,48935.910637927176,47238.622634168525
2025-05-21,49409.26759664453,48121.399800801744,46845.49241992676
2025-05-22,49274.135819367984,47989.790274969404,46781.43242717623
2025-05-23,48595.29987821138,47328.64840194619,46459.18509414564
2025-05-27,50125.84465429486,48819.29905647935,47190.81822764981
2025-05-28,49592.568874853154,48299.92327467073,46679.32926473289
2025-05-29,49971.36716978296,48668.848075236216,47035.875633173055
2025-05-30,49082.3798615482,47803.03249532042,46199.11052471543
2025-06-02,49811.159957853975,48512.816713687964,46885.079548882895
2025-06-03,50934.330059983025,49606.71104076213,47942.27074117401
2025-06-04,51538.60997146491,50195.240210014344,48511.05315346059
2025-06-05,51450.402042271504,50109.33144769534,48428.02686415967
2025-06-06,51744.641771175884,50395.90172733349,48704.981930209055
2025-06-09,52607.127145638864,51235.90615455344,49516.80192046143
2025-06-10,53649.18162407226,52250.799161676565,50497.642502310104
2025-06-11,53612.32736399435,52214.90551925204,50462.95318937441
2025-06-12,53876.748397550175,52472.43433703086,50711.84121372785
2025-06-13,52613.069064113624,51241.6931950909,49522.39479002314
2025-06-16,53913.28838899447,52508.021902330605,50746.23471926015
2025-06-17,53546.254853027865,52150.55520865813,50400.76200701128
2025-06-18,53751.12409119438,52350.08446695797,50593.59651511515
2025-06-20,53284.228957563006,51895.359098957386,50154.12842202487
2025-06-23,53622.716270732264,52225.02363593229,50472.73181567513
2025-06-24,55574.89180289527,54126.31511087288,52310.229781919814
2025-06-25,56321.47694576862,54853.44028177882,53012.95792242585
2025-06-26,56730.62515055356,55251.9239124403,53398.07134168481
2025-06-27,56980.13262681611,55494.92789939549,53632.9218828589
2025-06-30,57075.03877784551,55587.36029233286,53722.25291719852
2025-07-01,56451.40014510767,54979.97699286373,53135.24898212834
2025-07-02,57563.45541384807,56063.04619810891,54181.97826491884
2025-07-03,58047.619167536126,56534.590074259424,54637.70055939176
2025-07-07,57254.903724448115,55762.537003638754,53891.551972604044
2025-07-08,58013.715373056686,56501.569992637735,54605.788391465474
2025-07-09,58410.114927129944,56887.63727009954,54978.90206000063
2025-07-10,58840.51313358658,57306.817014586486,55384.017182083524
2025-07-11,58835.13870710444,57301.582674187855,55378.95846806524
2025-07-14,58390.21845992769,56868.25941045023,54960.17438033388
2025-07-15,59515.56283608046,57964.271338425235,56019.412122246606
2025-07-16,59205.74914325396,57662.533035037,55727.79796096641
2025-07-17,59702.18383277488,58146.028001294006,56195.070353914234
2025-07-18,59417.8416081272,57869.097244412085,55927.43137837154
2025-07-21,59458.81453126599,57909.002195674766,55965.99740980582
2025-07-22,58404.4318603744,56882.102334231444,54973.55283630979
2025-07-23,58658.276925236416,57129.33084920167,55212.48616107511
2025-07-24,58901.5732285209,57366.28555931773,55441.49039512814
2025-07-25,58839.539908341176,57305.86915675722,55383.10112746668
2025-07-28,59639.201377500314,58084.687203137575,56135.787706647425
2025-07-29,59945.124645124546,58382.6364864561,56423.73997980372
2025-07-30,60630.85403559094,59050.492128907164,57069.187246003254
2025-07-31,59093.623122577286,57553.329613664675,55622.25861188532
2025-08-01,58109.669460831734,56595.023007526346,54696.10580310936
2025-08-04,59380.146203183634,57832.3843818222,55891.95033233885
2025-08-05,58749.264007756676,57217.946325359095,55298.128346591206
2025-08-06,58653.959911828904,57125.12636007983,55208.42274401762
2025-08-07,59582.25775361188,58029.22783236502,56082.18914885292
2025-08-08,60074.59386479459,58508.73105099205,56545.60372817853
2025-08-11,60048.74134672383,58483.55238677674,56521.269876742175
2025-08-12,61413.699320935266,59812.9323104893,57806.04548236817
2025-08-13,61655.84441033129,60048.765813461876,58033.96612883192
2025-08-14,61795.64496058302,60184.92241926214,58165.55430957445
2025-08-15,60505.835890422124,58928.73262024298,56951.513100565666
2025-08-18,60754.44762727972,59170.864215516995,57185.52052117616
2025-08-19,59528.555714224596,57976.925553194036,56031.64175363584
2025-08-20,59137.020851841946,57595.59616773382,55663.10700791813
2025-08-21,58829.76734351223,57296.35131684398,55373.902637012085
2025-08-22,60093.806345517085,58527.44275248011,56563.68760110513
2025-08-25,60151.09831114032,58583.24138535271,56617.61403783194
2025-08-26,60729.05068136858,59146.129248832476,57161.61548000966
2025-08-27,60916.404044418035,59328.59918870142,57337.9630562909
2025-08-28,61165.842898442614,59571.53634207839,57572.74900633541
2025-08-29,59395.78942856586,57847.61986171105,55906.67462037119
2025-09-02,58633.87154590263,57105.5616036059,55189.51443842387
2025-09-03,58624.21664630217,57096.15836194073,55180.42670113395
2025-09-04,59330.183004043225,57783.72348887413,55844.92214491662
2025-09-05,60036.68398051135,58471.809299532615,56509.92080206692
2025-09-08,60698.15051977624,59116.03450948049,57132.5305011504
2025-09-09,60961.93381214379,59372.94220899173,57380.818247446274
2025-09-10,61579.673324639014,59974.58015060646,57962.26959707019
2025-09-11,62213.530169720565,60591.915321563625,58558.891491227994
2025-09-12,62293.93009217258,60670.21959524467,58634.56844320173
2025-09-15,62878.4493956958,61239.50322287807,59184.75105422166
2025-09-16,62887.653606014035,61248.46752261615,59193.414577281976
2025-09-17,62485.83794436616,60857.125310093776,58815.20296212811
2025-09-18,64866.436455462775,63175.67278691274,61055.95685465252
2025-09-19,64608.32647728873,62924.290524911085,60813.0091523848
2025-09-22,65928.19451337199,64209.75579363681,62055.343559336
2025-09-23,65832.93114873649,64116.97549797613,61965.67629535723
2025-09-24,65712.13238210717,63999.32538844875,61851.97366752012
2025-09-25,65716.77774995321,64003.849673349425,61856.346150336816
2025-09-26,65872.27693101011,64155.29572030206,62002.71076982787
2025-09-29,66047.75977117028,64326.204546121226,62167.88513893178
2025-09-30,66804.93199152533,65063.64083906964,62880.57843524507
2025-10-01,68317.72034984488,66536.99790234328,64304.50035516117
2025-10-02,69254.37093130597,67449.23439757121,65186.12883075715
2025-10-03,68936.88597048914,67140.02478015835,64887.29403839204
2025-10-06,70319.57071233362,68486.66941783935,66188.75507979837
2025-10-07,69039.17388606061,67239.64652966877,64983.57320680563
2025-10-08,70888.59417829971,69040.86111169987,66724.35213253864
2025-10-09,70712.41213555985,68869.27130823185,66558.51963444118
2025-10-10,66651.55063581864,64914.25741569642,62736.20723269311
2025-10-13,69586.95944008452,67773.15388431084,65499.17993625884
2025-10-14,68308.66082258397,66528.17451445405,64884.47664012881
2025-10-15,70006.24498926436,68181.51062635961,65690.72037907217
2025-10-16,70325.03379327545,68491.9901018918,65840.28893675927
2025-10-17,70230.76582084957,68400.17925323588,65796.16076356673
2025-10-20,71127.7981004546,69273.8301098624,66216.35609668869
2025-10-21,70734.3173439345,68890.60555059547,65836.80228884719
2025-10-22,69355.62311747773,67547.8474142881,65182.01695134257
2025-10-23,70632.87021242402,68791.80266985028,65782.21011558553
2025-10-24,71929.74686585325,70054.87583340048,66386.11742002687
2025-10-27,73723.89927918043,71802.26311082605,67214.05591536658
2025-10-28,74373.84308292833,72435.26592891134,67510.33269666872
2025-10-29,75501.93559888066,73533.95436557461,68022.3265503388
2025-10-30,74499.9423905294,72558.07841917558,67570.96123977381
2025-10-31,74361.30128130135,72423.05103321117,67508.08794942427
2025-11-03,74996.35148713063,73041.54845960022,67796.34961516116
2025-11-04,72239.3703897715,70356.4289246917,66550.2006315601
2025-11-05,73618.34657368677,71699.4616691495,67185.38848833786
2025-11-06,71896.5842603353,70022.57762142146,66399.73331343311
2025-11-07,71292.63313317484,69994.56859037289,66386.45336677041
2025-11-10,73471.07958848125,72105.35303447336,66886.94753327369
2025-11-11,71877.55135150174,70541.4463008118,66524.26659753462
2025-11-12,72796.81391658868,71443.62103620743,66943.01310839514
2025-11-13,70588.41853323807,69276.27669271747,65927.60712328188
2025-11-14,70678.15317674802,69364.34329233663,65969.51194595393
2025-11-17,69716.3367866953,68420.40574918986,65520.642281273234
2025-11-18,68273.39459013563,67004.28586808787,64842.59102491846
2025-11-19,69528.89611266914,68236.4493400915,66022.03387347692
2025-11-20,66722.98736807951,65482.69858885207,63357.648092333664
2025-11-21,66934.45832862539,65456.505509416544,63332.305033096745
2025-11-24,69582.38287860886,65456.505509416544,63332.305033096745
2025-11-25,69779.2120310138,65456.505509416544,63332.305033096745
2025-11-26,71350.70772369854,65456.505509416544,63332.305033096745
2025-11-28,72285.81610391322,65456.505509416544,63332.305033096745
2025-12-01,72433.63939995071,65456.505509416544,63332.305033096745
2025-12-02,73755.42928002257,65456.505509416544,63332.305033096745
2025-12-03,74768.40460369407,65456.505509416544,63332.305033096745
2025-12-04,74198.96095092483,65456.505509416544,63332.305033096745
2025-12-05,74777.68424504004,65456.505509416544,63332.305033096745
2025-12-08,75624.21578648438,66171.33270266013,63505.21242211838
2025-12-09,75718.20847299788,66253.57648219846,63524.944942519054
2025-12-10,76764.98377008298,67169.50685883747,63957.696492187664
2025-12-11,76108.95569460992,66595.48104458007,63684.40753620268
2025-12-12,72639.57918389622,63559.76999655541,62232.90169442389
2025-12-15,72401.33634764625,63351.3070615343,62130.84615408128
2025-12-16,72204.6670265004,63179.2210313308,62046.46075491773
2025-12-17,69606.64863884787,60905.9499989096,59801.53862712308
2025-12-18,71274.53124673087,62365.35045427183,61234.47568344266
2025-12-19,73107.10094216233,63968.85242458753,62009.44157308496
2025-12-22,74060.14111427592,64802.764388527525,62805.40833990597
2025-12-23,74775.41324417279,65428.62886312885,63411.98236901847
2025-12-24,74983.76025914683,65610.93289765104,63588.66741383433
2025-12-26,75331.95528386786,65915.60420678936,63883.94811922463
2025-12-29,74995.0313480076,65620.7951218496,63598.22566376049
2025-12-30,74810.70330034038,65459.50772942154,63441.90948439519
2025-12-31,74159.92962516956,64890.0795254261,62890.03224258846
2026-01-02,76850.55012584053,67244.3775829316,65171.7659348267
2026-01-05,77752.48051358714,68033.56838830438,65936.63223732523
2026-01-06,79804.31478623812,69828.92728087981,67676.65443281112
2026-01-07,79268.78523375129,69360.33790350678,67222.50795515151
2026-01-08,78023.88674967126,68271.04936128011,66166.79355253199
2026-01-09,80119.74801014515,70104.93195197031,67944.15206559155
2026-01-12,80425.62297296384,70372.57312642208,68203.54398210355
2026-01-13,80605.35512211376,70529.83909890294,68355.96269005274
2026-01-14,79949.85155392556,69956.27222951778,67800.07434513584
2026-01-15,81639.59433498656,71434.80037800389,69233.03117936858
2026-01-16,82467.36611676434,72159.10226205307,69935.00857212816
2026-01-20,80397.19850646665,70347.7016641541,68179.43911005848
2026-01-21,82757.41821140188,72412.89839674032,70180.98218181176
2026-01-22,82957.57081042901,72588.03230171753,70350.71809539577
2026-01-23,82394.85767604677,72095.65723846406,69873.51905619095
2026-01-26,82133.68203252117,71867.1280534427,69652.03361620572
2026-01-27,83861.09212180701,73378.6151682948,71116.93355287568
2026-01-28,85787.45257070899,75064.18422635198,72750.54986500839
2026-01-29,85970.67546835722,75224.50461041069,72905.92884121457
2026-01-30,83051.18034252657,72669.94082041286,70430.10202309882
2026-02-02,84001.18132114309,73501.19348426025,71235.7337500659
2026-02-03,81902.92837039032,71665.21816002537,69456.34700586434
2026-02-04,78657.85224081861,68825.7703722742,66704.41690763035
2026-02-05,78465.26973472493,68657.2603130173,66541.10067905778
2026-02-06,82649.2985813325,72318.29351471139,70089.29321911331
2026-02-09,83689.11044415324,73228.13087311981,70516.17249932565
2026-02-10,83302.78741528088,72890.09748780329,70353.41523497042
2026-02-11,85360.73514481966,74690.80566678758,71222.43568218748
2026-02-12,83597.80827619266,73148.24130243453,70486.96904579917
2026-02-13,83929.67272114403,73438.62332320232,70626.87773085346
2026-02-17,83898.73828393166,73411.55563178283,70613.8620556826
2026-02-18,84934.19327370245,74317.58071798278,71049.61041917466
2026-02-19,84453.27153579427,73896.77328226782,70848.45879340729
2026-02-20,85457.13860273024,74775.15887588529,71676.44042666542
2026-02-23,85013.94054867826,74387.35973532102,71304.7118684914
2026-02-24,86302.86671146385,75515.17258018613,72385.78760811743
2026-02-25,87739.57241772862,76772.29280677429,73590.81216954651
2026-02-26,84812.4303037459,74211.03788759356,71135.69688270536
2026-02-27,83665.32194709436,73207.31589293115,70640.40610644127
2026-03-02,83712.64542063966,73248.72402232522,70660.38421273316
2026-03-03,80552.42817869117,70483.52792270458,67978.76787004601
2026-03-04,82200.8588263717,71925.90787587858,68660.73329868716
2026-03-05,81427.36551624734,71249.09975780129,68337.69155293761
2026-03-06,78356.68448482029,68562.24801274663,65746.9634422664
2026-03-09,81249.0877943359,71093.10641192143,66947.28253603395
2026-03-10,81859.5568535704,71627.26800028536,67436.90481415113
2026-03-11,82620.44064489988,71598.61709308525,67409.93005222548
2026-03-12,79941.50619479701,71598.61709308525,67409.93005222548
2026-03-13,79787.70647201601,71598.61709308525,67409.93005222548
2026-03-16,81150.18062743352,71598.61709308525,67409.93005222548
2026-03-17,81760.42939970069,71598.61709308525,67409.93005222548
2026-03-18,81099.28226301742,71598.61709308525,67409.93005222548
2026-03-19,81413.4431066625,71598.61709308525,67409.93005222548
2026-03-20,79310.84356757034,71598.61709308525,67409.93005222548
2026-03-23,80684.53335202971,71598.61709308525,67409.93005222548
2026-03-24,81362.0532577107,71598.61709308525,67409.93005222548
2026-03-25,82274.20284524231,71598.61709308525,67409.93005222548
2026-03-26,78484.27032445197,71598.61709308525,67409.93005222548
2026-03-27,77120.30097679359,71598.61709308525,67409.93005222548
2026-03-30,74732.95452792116,71598.61709308525,67409.93005222548
2026-03-31,78984.25931684543,71598.61709308525,67409.93005222548
2026-04-01,80740.20010627861,71598.61709308525,67409.93005222548
2026-04-02,80920.21443241547,71598.61709308525,67409.93005222548
2026-04-06,81673.45902778016,71598.61709308525,67409.93005222548
2026-04-07,82485.42541300922,71598.61709308525,67409.93005222548
2026-04-08,87236.37377818738,71598.61709308525,67409.93005222548
2026-04-09,88759.84729798001,71598.61709308525,67409.93005222548
2026-04-10,90110.26330181747,71598.61709308525,67409.93005222548
2026-04-13,91451.37269786235,71598.61709308525,67409.93005222548
2026-04-14,93229.15993939326,71598.61709308525,67409.93005222548
2026-04-15,93436.78747192567,71598.61709308525,67409.93005222548
2026-04-16,93812.28480084651,71598.61709308525,67409.93005222548
2026-04-17,95738.14019248102,73039.81267963427,67749.15061829638
2026-04-20,95697.0303625305,73010.59675456242,67742.37570323456
2026-04-21,95843.09585190633,73092.83096388952,67761.45081339501
2026-04-22,98337.16455015719,74994.88285561115,68202.27994125124
2026-04-23,99370.22637011921,75782.72690750203,68553.70255950946
2026-04-24,104390.8075088349,79611.5732657172,70285.50613202751
2026-04-27,104356.9679842894,79585.76622530894,70274.11418973534
2026-04-28,101277.70250902593,77237.42564974837,69237.32355750007
2026-04-29,102996.53214655831,78548.25688944457,69824.85250417738
2026-04-30,104464.35015631927,79667.65910323562,70805.97128939656
2026-05-01,105109.19844239233,80159.43982413514,71243.04967222651
2026-05-04,104490.56129740049,79687.64850870495,70823.73720954139
2026-05-05,107743.72008400821,82168.6053598445,73028.72931737253
2026-05-06,113254.43894294753,86371.24550273339,76763.89639328042
2026-05-07,111255.8643138174,84847.07230864701,75409.26184476554
2026-05-08,116638.1354194749,88951.75432701093,79057.36699076669
2026-05-11,118641.44252980813,90479.53665376923,80415.20921661542
2026-05-12,115525.65148955894,88103.34058247753,78303.3250129659
2026-05-13,117830.57483177468,89861.14453006304,79068.80325204386
2026-05-14,119045.2488295745,90787.49149755458,79476.3495085419
2026-05-15,114490.48314112997,87313.8900285451,77955.93540825906
2026-05-18,112459.76998223319,87278.96447253367,77940.34422117741
2026-05-19,112045.73389667014,87278.96447253367,77940.34422117741
2026-05-20,116270.53013540499,87278.96447253367,77940.34422117741
2026-05-21,116942.73963322914,87278.96447253367,77940.34422117741
2026-05-22,118676.08024003857,87278.96447253367,77940.34422117741
2026-05-26,123936.85551214601,91113.02982922159,78796.30182640537
2026-05-27,122624.34950191565,91076.58461728989,78788.42219622273
2026-05-28,123515.5485747531,91702.07282825497,78923.69634339063
2026-05-29,123345.17499406783,91575.58178575632,78896.48010846697
2026-06-01,125185.39508201028,92941.82270418113,79477.12944291138
2026-06-02,130161.43799586788,92904.64597509945,79461.2340170228
2026-06-03,131340.91759238194,92904.64597509945,79461.2340170228
2026-06-04,129327.30097480945,92904.64597509945,79461.2340170228
2026-06-05,117136.52416271776,84110.0153119639,77580.72471126643
2026-06-08,122981.36220375178,84076.37130583911,77572.96663879532
2026-06-09,121581.86390656118,84076.37130583911,77572.96663879532
2026-06-10,117411.14528628651,84076.37130583911,77572.96663879532
2026-06-11,125226.29190044619,84076.37130583911,77572.96663879532
2026-06-12,127391.91710225864,84076.37130583911,77572.96663879532
2026-06-15,132941.6851402081,84076.37130583911,77572.96663879532
2026-06-16,126520.98326428092,84076.37130583911,77572.96663879532
2026-06-17,128211.6701085158,84076.37130583911,77572.96663879532
2026-06-18,135502.13384752168,84076.37130583911,77572.96663879532
2026-06-22,137360.99837704978,84076.37130583911,77572.96663879532
2026-06-23,127683.56666567478,84076.37130583911,77572.96663879532
2026-06-24,127041.34884412268,84076.37130583911,77572.96663879532
2026-06-25,130848.09371876832,84076.37130583911,77572.96663879532
2026-06-26,125621.66041426925,84076.37130583911,77572.96663879532
2026-06-29,129786.19699230023,84076.37130583911,77572.96663879532
2026-06-30,134670.29429589483,84076.37130583911,77572.96663879532
2026-07-01,127298.80752252911,84076.37130583911,77572.96663879532
2026-07-02,121540.36555692114,84076.37130583911,77572.96663879532
2026-07-06,124018.59033542013,84076.37130583911,77572.96663879532
2026-07-07,119341.44648717364,84076.37130583911,77572.96663879532
2026-07-08,121750.63710301486,84076.37130583911,77572.96663879532
2026-07-09,124833.01088790123,84076.37130583911,77572.96663879532
2026-07-10,125534.69585067697,84076.37130583911,77572.96663879532
2026-07-13,120258.84229457482,84076.37130583911,77572.96663879532
2026-07-14,123342.92127803837,84076.37130583911,77572.96663879532
2026-07-15,121418.62020187046,84076.37130583911,77572.96663879532
2026-07-16,116891.24821504689,84076.37130583911,77572.96663879532
2026-07-17,114413.16445427385,84076.37130583911,77572.96663879532
2026-07-20,114930.05882338756,84076.37130583911,77572.96663879532
2026-07-21,120098.5801524143,84076.37130583911,77572.96663879532
2026-07-22,120751.7616832347,84076.37130583911,77572.96663879532
2026-07-23,119375.34505490081,84076.37130583911,77572.96663879532
2026-07-24,115442.81629466588,84076.37130583911,77572.96663879532
2026-07-27,112872.65420336687,84076.37130583911,77572.96663879532
2026-07-28,108959.98674538486,84076.37130583911,77572.96663879532
2026-07-29,103707.56651482356,84076.37130583911,77572.96663879532
2026-07-30,110750.55188549958,84076.37130583911,77572.96663879532
2026-07-31,111201.89317468561,84076.37130583911,77572.96663879532
2026-08-03,112275.00544492312,84076.37130583911,77572.96663879532
2026-08-04,118423.08809014122,84076.37130583911,77572.96663879532
2026-08-05,117184.64117695717,84076.37130583911,77572.96663879532
2026-08-06,117559.98267354076,84076.37130583911,77572.96663879532
