datetime,MU_buy_hold,S12_full,L1+L4
2025-01-02,50000.0,50000.0,50000.0
2025-01-03,51446.508976967096,50000.0,50000.0
2025-01-06,56695.86901932999,50000.0,50000.0
2025-01-07,58243.896144657134,50000.0,50000.0
2025-01-08,56832.33402785908,50000.0,50000.0
2025-01-10,56801.48849638401,50000.0,50000.0
2025-01-13,54337.94514790008,50000.0,50000.0
2025-01-14,55649.02512450095,50000.0,50000.0
2025-01-15,58936.50781221619,50000.0,50000.0
2025-01-16,58610.17595584023,50000.0,50000.0
2025-01-17,60397.240473271515,50000.0,50000.0
2025-01-21,62477.29766771419,50000.0,50000.0
2025-01-22,62391.69019521642,50000.0,50000.0
2025-01-23,59885.34939486843,47971.446623335636,49492.861655833905
2025-01-24,58951.11533591152,47952.2580446863,49487.91236966833
2025-01-27,51861.83419578921,47952.2580446863,49487.91236966833
2025-01-28,50274.056519070524,47952.2580446863,49487.91236966833
2025-01-29,50716.011362773585,47952.2580446863,49487.91236966833
2025-01-30,52685.456597254066,47952.2580446863,49487.91236966833
2025-01-31,51965.62427559166,47952.2580446863,49487.91236966833
2025-02-03,51234.95237523517,47952.2580446863,49487.91236966833
2025-02-04,51665.55475266146,47952.2580446863,49487.91236966833
2025-02-05,53346.47992014129,47952.2580446863,49487.91236966833
2025-02-06,53884.83090124059,47952.2580446863,49487.91236966833
2025-02-07,52628.70044166917,47952.2580446863,49487.91236966833
2025-02-10,54683.579609133936,47952.2580446863,49487.91236966833
2025-02-11,53627.27849805025,47952.2580446863,49487.91236966833
2025-02-12,52318.52329358579,47952.2580446863,49487.91236966833
2025-02-13,54581.29143025475,47952.2580446863,49487.91236966833
2025-02-14,56766.00765165697,47952.2580446863,49487.91236966833
2025-02-18,60840.85040830212,47952.2580446863,49487.91236966833
2025-02-19,59448.65445297788,47952.2580446863,49487.91236966833
2025-02-20,58774.794794667985,47952.2580446863,49487.91236966833
2025-02-21,56314.720740721044,47952.2580446863,49487.91236966833
2025-02-24,54398.19844161209,47952.2580446863,49487.91236966833
2025-02-25,53150.79472503738,47952.2580446863,49487.91236966833
2025-02-26,55682.591996901734,50217.24611251267,50072.2932496807
2025-02-27,52330.58353926156,47194.243273530126,49318.72402612647
2025-02-28,53375.65275158857,47175.3655762207,49313.792153723865
2025-03-03,51682.497569573825,45660.02258945075,48917.78404558084
2025-03-04,52061.38738661965,45641.75858041497,48912.89226717628
2025-03-05,53840.97086267746,45641.75858041497,48912.89226717628
2025-03-06,50911.929795904056,45641.75858041497,48912.89226717628
2025-03-07,52999.18522584376,45641.75858041497,48912.89226717628
2025-03-10,49593.007355098656,45641.75858041497,48912.89226717628
2025-03-11,50708.8307487451,45641.75858041497,48912.89226717628
2025-03-12,54394.69195907273,45641.75858041497,48912.89226717628
2025-03-13,53967.72363742301,45641.75858041497,48912.89226717628
2025-03-14,57283.860074668635,45641.75858041497,48912.89226717628
2025-03-17,58599.32110794113,45641.75858041497,48912.89226717628
2025-03-18,57808.14270928252,45641.75858041497,48912.89226717628
2025-03-19,58007.65149110163,45641.75858041497,48912.89226717628
2025-03-20,58545.736589670385,45641.75858041497,48912.89226717628
2025-03-21,53742.65704416613,45641.75858041497,48912.89226717628
2025-03-24,54995.39800281732,45641.75858041497,48912.89226717628
2025-03-25,53420.6513251424,45641.75858041497,48912.89226717628
2025-03-26,52299.46591685237,45641.75858041497,48912.89226717628
2025-03-27,51749.283035884044,45641.75858041497,48912.89226717628
2025-03-28,50196.41448383817,45641.75858041497,48912.89226717628
2025-03-31,49394.55818489975,45641.75858041497,48912.89226717628
2025-04-01,50427.287436796185,45641.75858041497,48912.89226717628
2025-04-02,50379.90781496161,45641.75858041497,48912.89226717628
2025-04-03,41937.15747008842,45641.75858041497,48912.89226717628
2025-04-04,36335.55024560986,45641.75858041497,48912.89226717628
2025-04-07,38415.094648070895,45641.75858041497,48912.89226717628
2025-04-08,36978.60364673227,45641.75858041497,48912.89226717628
2025-04-09,43869.722278207904,45641.75858041497,48912.89226717628
2025-04-10,39361.92572691356,45641.75858041497,48912.89226717628
2025-04-11,39085.155606617096,45641.75858041497,48912.89226717628
2025-04-14,40051.90113466028,45641.75858041497,48912.89226717628
2025-04-15,40063.248900416984,45641.75858041497,48912.89226717628
2025-04-16,39135.03772098996,45641.75858041497,48912.89226717628
2025-04-17,38850.452281291735,45641.75858041497,48912.89226717628
2025-04-21,37678.3578215325,45641.75858041497,48912.89226717628
2025-04-22,39619.502726804036,45641.75858041497,48912.89226717628
2025-04-23,41174.65288230541,45641.75858041497,48912.89226717628
2025-04-24,43674.216691678244,45641.75858041497,48912.89226717628
2025-04-25,45003.43332734708,45641.75858041497,48912.89226717628
2025-04-28,44313.72148260087,45641.75858041497,48912.89226717628
2025-04-29,43361.32091455526,45641.75858041497,48912.89226717628
2025-04-30,43483.962208356505,45641.75858041497,48912.89226717628
2025-05-01,43975.76606934603,45641.75858041497,48912.89226717628
2025-05-02,45629.21463597158,45641.75858041497,48912.89226717628
2025-05-05,45469.052563434394,45641.75858041497,48912.89226717628
2025-05-06,45534.44712095497,45641.75858041497,48912.89226717628
2025-05-07,46722.346336262104,45641.75858041497,48912.89226717628
2025-05-08,48143.23504744564,45641.75858041497,48912.89226717628
2025-05-09,48543.856782268864,45641.75858041497,48912.89226717628
2025-05-12,52201.2987892154,45641.75858041497,48912.89226717628
2025-05-13,54818.82063930785,47912.10969195852,49521.15892243639
2025-05-14,53904.6567068461,47113.122736424986,49314.70401857014
2025-05-15,53989.52055701865,47187.2944542936,49348.59141752771
2025-05-16,55426.31037208873,48443.06082104694,50005.233232506194
2025-05-19,55833.71315491551,48799.13427523595,50189.01121662657
2025-05-20,55523.18653625347,48527.73140224272,50049.44478743487
2025-05-21,54236.83070443734,47403.4456004305,49469.67443204075
2025-05-22,53663.779050896366,46902.59364186196,48937.097324756214
2025-05-23,52855.07396258677,46195.778601923834,48199.6226199633
2025-05-27,54546.05812814732,47673.71296612296,49741.665654356635
2025-05-28,54433.845791907406,47575.638441716605,49639.33693064893
2025-05-29,54809.511971468295,47903.97383807817,49981.91460065154
2025-05-30,53477.487724017206,46739.77345740703,48767.21445486744
2025-06-02,55580.93994493711,48578.20836653463,50685.39554225422
2025-06-03,57880.982754541285,50588.465101443966,52782.85160694829
2025-06-04,58446.43534588331,51082.67541582192,53298.499386222196
2025-06-05,60167.445145240636,52586.852436161134,54867.92340997817
2025-06-06,61447.91539219523,53705.994187368146,56035.61040863774
2025-06-09,62793.6497486125,54882.17731843441,57262.81308310462
2025-06-10,64591.39530368796,56453.42203381678,58902.21401143724
2025-06-11,65657.85927621745,57385.52050362071,59874.7443128818
2025-06-12,65762.45366474114,57476.93687773578,59970.12607431071
2025-06-13,65455.45316710075,57208.615864133295,59690.166043588186
2025-06-16,67834.6838233226,59288.08344212842,61859.83512468557
2025-06-17,68118.54429817206,59536.17988144597,62118.69329550476
2025-06-18,68955.53433042785,60267.71619997377,62881.96161899544
2025-06-20,69959.45692357348,61145.15297887703,63797.45915786042
2025-06-23,69099.62840438033,60393.65563093304,63013.363951176434
2025-06-24,72361.1339165871,63244.238843767205,65987.59751241546
2025-06-25,71991.47973852043,62921.157987209685,65650.50230949667
2025-06-26,71319.45007995825,62333.79842088231,65037.664723552705
2025-06-27,70616.09037426597,61719.0561302051,64396.25662705751
2025-06-30,69762.45270311387,60972.969635449306,63617.80698128007
2025-07-01,68420.56073250364,59800.144781852694,62394.10825699195
2025-07-02,68903.90948212463,60222.59564893148,62834.8838643074
2025-07-03,69215.31708643399,60494.76851078035,63118.86282570898
2025-07-07,67931.93424039597,59373.08112350992,61948.519768394304
2025-07-08,70458.02460878494,61580.905323494015,64252.11322370679
2025-07-09,69228.19089414371,60506.02032685277,63130.60271417701
2025-07-10,69731.77921468516,60946.16074891923,63589.83520003256
2025-07-11,70546.9974366414,61658.66832237192,64333.24936456523
2025-07-14,67158.71747131318,58697.28317266177,61243.407587497575
2025-07-15,68017.08939646151,59447.50744517585,62026.1744962906
2025-07-16,65919.78314426985,57614.44416434007,60113.598043447426
2025-07-17,64116.68553535314,56038.52170894564,58469.31646778902
2025-07-18,64755.651998440546,56596.983764712204,59052.00304977026
2025-07-21,64097.54986871871,56021.796975576224,58451.86626213772
2025-07-22,61820.800538573014,54031.89893736826,56375.65199761974
2025-07-23,62165.626073013314,54333.279350847,56690.105452769836
2025-07-24,63236.863461249384,55269.54982607301,57666.98872959435
2025-07-25,62971.86399825431,55247.44200614257,57643.92193410252
2025-07-28,62967.306452610916,55247.44200614257,57643.92193410252
2025-07-29,63369.524610359076,55247.44200614257,57643.92193410252
2025-07-30,64936.12313365202,55247.44200614257,57643.92193410252
2025-07-31,61727.621711915024,55247.44200614257,57643.92193410252
2025-08-01,59306.300520219454,55247.44200614257,57643.92193410252
2025-08-04,60929.862739116215,55247.44200614257,57643.92193410252
2025-08-05,61661.08907053899,55247.44200614257,57643.92193410252
2025-08-06,61508.13112140463,55247.44200614257,57643.92193410252
2025-08-07,63315.60558448919,55247.44200614257,57643.92193410252
2025-08-08,67278.57693869321,55247.44200614257,57643.92193410252
2025-08-11,70046.23523890116,55247.44200614257,57643.92193410252
2025-08-12,72314.32050014313,55247.44200614257,57643.92193410252
2025-08-13,70341.92483649442,55247.44200614257,57643.92193410252
2025-08-14,70929.56488364683,55247.44200614257,57643.92193410252
2025-08-15,68404.89309401321,55247.44200614257,57643.92193410252
2025-08-18,69916.68108315465,55247.44200614257,57643.92193410252
2025-08-19,69065.33943461819,54552.62161827954,57462.68199456039
2025-08-20,66302.69222795765,52370.49019080106,56888.04817968652
2025-08-21,65498.20605961659,51735.05091115782,56537.23275657733
2025-08-22,66567.0417804205,52579.29190275268,56998.535573563124
2025-08-25,65854.29993235612,52016.31868540133,56693.39026069439
2025-08-26,65900.22092656836,52052.590289104475,56713.15675163506
2025-08-27,66605.77798046377,52609.88845496235,57016.754882507645
2025-08-28,68993.03129669385,54495.50760826524,59048.91954170989
2025-08-29,67312.0733370169,53167.76978374761,57610.241613686776
2025-09-02,67052.59378216192,52962.814735534404,57388.161396752104
2025-09-03,67191.09472321621,53072.21243766638,57506.69990377315
2025-09-04,70294.90693005206,55523.81977471573,60163.15308215103
2025-09-05,74290.23528140054,58679.608735953356,63582.62629455349
2025-09-08,74344.37337373965,58722.37077680754,63628.961348958146
2025-09-09,76477.58922649079,60407.33342519088,65454.712281867774
2025-09-10,79169.72910731127,62533.77324962568,67758.82833866168
2025-09-11,85062.82074451291,67188.54800173482,72802.53619432331
2025-09-12,88784.95378166111,70128.54825150795,75988.19031189557
2025-09-15,89090.6798010275,70370.03198256447,76249.85139244352
2025-09-16,89682.96617012745,70837.86106221103,76756.77027247121
2025-09-17,90356.70182964952,71370.02447160747,77333.39898415105
2025-09-18,95321.77856926026,75291.78833896843,81582.84869530961
2025-09-19,91844.62925602967,72545.29331921255,78606.8682785555
2025-09-22,92909.98740913691,73386.78748531922,79518.67410421063
2025-09-23,93917.61536774946,74182.6823177804,80381.07051059874
2025-09-24,91249.7357384251,72075.40493185767,78097.71802386013
2025-09-25,88487.36870364685,69893.49480367066,75733.49680157691
2025-09-26,88743.14987365447,70095.52860961056,75952.41168970692
2025-09-29,92446.71625363754,73020.86361873856,79122.17520174268
2025-09-30,94373.43691499533,74542.72196423578,80771.19353263194
2025-10-01,102834.93851018122,81226.20601894926,88013.12097813794
2025-10-02,103748.6283246793,81947.90195405684,88386.51723693358
2025-10-03,106106.0992575469,83809.99690399288,89390.71675555946
2025-10-06,107958.48541015635,85273.14067048237,90933.40984278303
2025-10-07,105082.5081333488,83001.49325010048,88510.97477974105
2025-10-08,111147.9350093773,87792.39039228513,91047.72648386435
2025-10-09,108760.39438923061,85906.54430631266,90069.83991613866
2025-10-10,102713.67816382778,81130.42614085015,87566.0481383558
2025-10-13,108977.5239821439,86078.04840114943,90236.0928405962
2025-10-14,105751.27897828657,86043.61718178898,90218.0456220281
2025-10-15,108518.70992917674,86043.61718178898,90218.0456220281
2025-10-16,114447.77934475437,86043.61718178898,90218.0456220281
2025-10-17,114391.5834049235,86043.61718178898,90218.0456220281
2025-10-20,116929.68071533958,86043.61718178898,90218.0456220281
2025-10-21,114382.4571788147,86043.61718178898,90218.0456220281
2025-10-22,112222.07752337551,86043.61718178898,90218.0456220281
2025-10-23,116932.20212968913,86043.61718178898,90218.0456220281
2025-10-24,123795.4535641284,91059.46790990788,91532.84462933459
2025-10-27,124474.45474303383,91023.04412274393,91523.69134487167
2025-10-28,125507.08782567881,91023.04412274393,91523.69134487167
2025-10-29,128219.50284152995,91023.04412274393,91523.69134487167
2025-10-30,126734.41191326691,89932.3686344118,91249.52273264389
2025-10-31,126635.61847741771,89862.26354174342,91231.73976877822
2025-11-03,132801.04553982933,94237.32987924964,93443.48716851603
2025-11-04,123237.120845598,87450.64591387173,90078.73024656085
2025-11-05,134015.76714438267,87415.66565550619,90060.71450051153
2025-11-06,134483.72412047756,87415.66565550619,90060.71450051153
2025-11-07,134292.70636651677,87415.66565550619,90060.71450051153
2025-11-10,142851.81796618228,87415.66565550619,90060.71450051153
2025-11-11,135895.68200694313,87415.66565550619,90060.71450051153
2025-11-12,138031.81543943463,87415.66565550619,90060.71450051153
2025-11-13,133530.9933065994,87415.66565550619,90060.71450051153
2025-11-14,139304.7312620461,87415.66565550619,90060.71450051153
2025-11-17,136551.6213798555,87415.66565550619,90060.71450051153
2025-11-18,128852.46976000686,87415.66565550619,90060.71450051153
2025-11-19,127393.6779202224,87415.66565550619,90060.71450051153
2025-11-20,113855.67421736915,87415.66565550619,90060.71450051153
2025-11-21,117223.29101702236,87415.66565550619,90060.71450051153
2025-11-24,126416.10875726858,87415.66565550619,90060.71450051153
2025-11-25,126819.24196493787,87415.66565550619,90060.71450051153
2025-11-26,130047.65020851734,87415.66565550619,90060.71450051153
2025-11-28,133549.57437563976,87415.66565550619,90060.71450051153
2025-12-01,135880.4760586512,87415.66565550619,90060.71450051153
2025-12-02,135335.32780316367,87415.66565550619,90060.71450051153
2025-12-03,132306.83417446012,87415.66565550619,90060.71450051153
2025-12-04,128028.91443592632,87415.66565550619,90060.71450051153
2025-12-05,133952.71711491342,87415.66565550619,90060.71450051153
2025-12-08,139380.21093354162,87415.66565550619,90060.71450051153
2025-12-09,142529.3162240698,87415.66565550619,90060.71450051153
2025-12-10,148852.74991712495,87415.66565550619,90060.71450051153
2025-12-11,145874.9254061131,87415.66565550619,90060.71450051153
2025-12-12,136010.02268797424,87415.66565550619,90060.71450051153
2025-12-15,134087.89755910457,87415.66565550619,90060.71450051153
2025-12-16,131257.24928869444,87415.66565550619,90060.71450051153
2025-12-17,127417.94174434076,87415.66565550619,90060.71450051153
2025-12-18,140974.82146038924,87415.66565550619,90060.71450051153
2025-12-19,150724.74406037916,87415.66565550619,90060.71450051153
2025-12-22,156785.39716480384,87415.66565550619,90060.71450051153
2025-12-23,156604.47803406892,87415.66565550619,90060.71450051153
2025-12-24,162474.80690193013,87415.66565550619,90060.71450051153
2025-12-26,161452.71762768677,87415.66565550619,90060.71450051153
2025-12-29,167074.62346578707,87415.66565550619,90060.71450051153
2025-12-30,166088.36621143617,87415.66565550619,90060.71450051153
2025-12-31,161998.61893857754,87415.66565550619,90060.71450051153
2026-01-02,178653.01295455048,87415.66565550619,90060.71450051153
2026-01-05,177020.43720881874,87415.66565550619,90060.71450051153
2026-01-06,194484.63064967174,87415.66565550619,90060.71450051153
2026-01-07,192282.15541178986,87415.66565550619,90060.71450051153
2026-01-08,185274.44701605957,87415.66565550619,90060.71450051153
2026-01-09,195391.6834344594,87415.66565550619,90060.71450051153
2026-01-12,195873.49096829956,87415.66565550619,90060.71450051153
2026-01-13,191495.48738963756,87415.66565550619,90060.71450051153
2026-01-14,188780.10921907003,87415.66565550619,90060.71450051153
2026-01-15,190808.54469646927,87415.66565550619,90060.71450051153
2026-01-16,205358.72271346336,87415.66565550619,90060.71450051153
2026-01-20,206631.53095242634,87415.66565550619,90060.71450051153
2026-01-21,220086.72673804112,87415.66565550619,90060.71450051153
2026-01-22,224867.40283929292,87415.66565550619,90060.71450051153
2026-01-23,226039.6666714457,87415.66565550619,90060.71450051153
2026-01-26,220028.94399616428,87415.66565550619,90060.71450051153
2026-01-27,231867.0746768843,87415.66565550619,90060.71450051153
2026-01-28,245810.07840888618,87415.66565550619,90060.71450051153
2026-01-29,246116.90182418018,87415.66565550619,90060.71450051153
2026-01-30,234734.51124735246,87415.66565550619,90060.71450051153
2026-02-02,247797.35138932057,87415.66565550619,90060.71450051153
2026-02-03,237532.277809485,87415.66565550619,90060.71450051153
2026-02-04,214476.58347107738,87415.66565550619,90060.71450051153
2026-02-05,216648.00801843475,87415.66565550619,90060.71450051153
2026-02-06,223447.8577353308,87415.66565550619,90060.71450051153
2026-02-09,217171.31970591043,87415.66565550619,90060.71450051153
2026-02-10,211335.86772761875,87415.66565550619,90060.71450051153
2026-02-11,231862.41057126367,87415.66565550619,90060.71450051153
2026-02-12,234045.51217563468,87415.66565550619,90060.71450051153
2026-02-13,232818.78586838846,87415.66565550619,90060.71450051153
2026-02-17,226082.22251588586,87415.66565550619,90060.71450051153
2026-02-18,238062.7337688412,87415.66565550619,90060.71450051153
2026-02-19,236037.55229321594,87415.66565550619,90060.71450051153
2026-02-20,242195.33211978228,87415.66565550619,90060.71450051153
2026-02-23,238112.1225685181,87415.66565550619,90060.71450051153
2026-02-24,236559.75061067575,87415.66565550619,90060.71450051153
2026-02-25,242751.02281098935,87415.66565550619,90060.71450051153
2026-02-26,235094.54230622313,87415.66565550619,90060.71450051153
2026-02-27,233494.29923319124,87415.66565550619,90060.71450051153
2026-03-02,233836.36720009334,87415.66565550619,90060.71450051153
2026-03-03,214879.75407977396,87415.66565550619,90060.71450051153
2026-03-04,226672.51602474976,87415.66565550619,90060.71450051153
2026-03-05,224563.7569601304,87415.66565550619,90060.71450051153
2026-03-06,209186.91493956037,81394.97444812478,88509.99773865397
2026-03-09,220181.0991150079,81362.41645834554,88501.14673888011
2026-03-10,227918.8057806997,81362.41645834554,88501.14673888011
2026-03-11,236644.25603691314,81362.41645834554,88501.14673888011
2026-03-12,229048.7511099189,81362.41645834554,88501.14673888011
2026-03-13,240648.77052318538,81362.41645834554,88501.14673888011
2026-03-16,249608.64336934706,81362.41645834554,88501.14673888011
2026-03-17,260723.43497182312,81362.41645834554,88501.14673888011
2026-03-18,260757.32682053317,81362.41645834554,88501.14673888011
2026-03-19,251839.7608674281,78547.38125949094,87735.64021248384
2026-03-20,239716.53505516212,78515.96230698716,87726.86664846259
2026-03-23,229295.8924408881,78515.96230698716,87726.86664846259
2026-03-24,224269.3638054969,78515.96230698716,87726.86664846259
2026-03-25,216631.8771827521,78515.96230698716,87726.86664846259
2026-03-26,201264.31132718464,78515.96230698716,87726.86664846259
2026-03-27,202279.1036346031,78515.96230698716,87726.86664846259
2026-03-30,182655.53197630346,78515.96230698716,87726.86664846259
2026-03-31,191763.65601592624,78515.96230698716,87726.86664846259
2026-04-01,208456.73762144754,78515.96230698716,87726.86664846259
2026-04-02,208640.24706714237,78515.96230698716,87726.86664846259
2026-04-06,215157.36736153133,78515.96230698716,87726.86664846259
2026-04-07,215073.89998271668,78515.96230698716,87726.86664846259
2026-04-08,232110.8839282603,78515.96230698716,87726.86664846259
2026-04-09,240528.3516115921,78515.96230698716,87726.86664846259
2026-04-10,240003.8630177724,78515.96230698716,87726.86664846259
2026-04-13,243467.52207055263,78515.96230698716,87726.86664846259
2026-04-14,265464.11026043905,78515.96230698716,87726.86664846259
2026-04-15,260074.2335066734,78515.96230698716,87726.86664846259
2026-04-16,260661.85738484858,78515.96230698716,87726.86664846259
2026-04-17,259568.8487237257,78515.96230698716,87726.86664846259
2026-04-20,255814.6373049987,78515.96230698716,87726.86664846259
2026-04-21,256369.419265236,78515.96230698716,87726.86664846259
2026-04-22,277695.36591578776,78515.96230698716,87726.86664846259
2026-04-23,274410.7083521893,78515.96230698716,87726.86664846259
2026-04-24,282942.3683002808,78515.96230698716,87726.86664846259
2026-04-27,298584.4413241016,78515.96230698716,87726.86664846259
2026-04-28,287064.40999208856,78515.96230698716,87726.86664846259
2026-04-29,295307.7726875505,80739.2260662928,88347.8867493638
2026-04-30,294719.8486843344,80578.4835007536,88303.91411466082
2026-05-01,309177.7080327254,84531.36413014184,90461.01448068126
2026-05-04,328405.4805197908,89788.37262489273,93273.90130950719
2026-05-05,363776.790745902,99459.13809989628,98296.9905922992
2026-05-06,378664.286313789,99419.35444465633,98277.33119418075
2026-05-07,367278.8683635029,96390.31376742647,97528.76962007982
2026-05-08,422418.28007259784,96351.75764191951,97519.0167431178
2026-05-11,449785.2837500964,96351.75764191951,97519.0167431178
2026-05-12,433403.94586836133,96351.75764191951,97519.0167431178
2026-05-13,454659.638105584,96351.75764191951,97519.0167431178
2026-05-14,438899.91797594965,96351.75764191951,97519.0167431178
2026-05-15,409591.7873331031,96351.75764191951,97519.0167431178
2026-05-18,386558.7788980888,96351.75764191951,97519.0167431178
2026-05-19,396765.3599452745,96351.75764191951,97519.0167431178
2026-05-20,415728.8028603667,96351.75764191951,97519.0167431178
2026-05-21,432742.80510343006,96351.75764191951,97519.0167431178
2026-05-22,426416.8575756491,96351.75764191951,97519.0167431178
2026-05-26,505054.13512080093,96351.75764191951,97519.0167431178
2026-05-27,524353.9312537521,96351.75764191951,97519.0167431178
2026-05-28,521597.5803498699,96351.75764191951,97519.0167431178
2026-05-29,548137.3349286773,96351.75764191951,97519.0167431178
2026-06-01,583990.0528056017,96351.75764191951,97519.0167431178
2026-06-02,600009.677143213,96351.75764191951,97519.0167431178
2026-06-03,608728.3371766858,96351.75764191951,97519.0167431178
2026-06-04,561156.0645699651,96351.75764191951,97519.0167431178
2026-06-05,484316.9197328692,96351.75764191951,97519.0167431178
2026-06-08,531626.1837672847,96351.75764191951,97519.0167431178
2026-06-09,525280.1432176253,96351.75764191951,97519.0167431178
2026-06-10,500326.240513633,96351.75764191951,97519.0167431178
2026-06-11,557953.576247322,96351.75764191951,97519.0167431178
2026-06-12,550100.095152714,96351.75764191951,97519.0167431178
2026-06-15,608450.5557187224,96351.75764191951,97519.0167431178
2026-06-16,571322.781940551,96351.75764191951,97519.0167431178
2026-06-17,584264.0981268488,96351.75764191951,97519.0167431178
2026-06-18,634268.8368803739,96351.75764191951,97519.0167431178
2026-06-22,677113.918155533,96351.75764191951,97519.0167431178
2026-06-23,585978.6498190732,96351.75764191951,97519.0167431178
2026-06-24,584690.8078806524,96351.75764191951,97519.0167431178
2026-06-25,678351.2918760782,96351.75764191951,97519.0167431178
2026-06-26,632698.9280501086,96351.75764191951,97519.0167431178
2026-06-29,639964.6391136791,96351.75764191951,97519.0167431178
2026-06-30,645001.8829055002,96351.75764191951,97519.0167431178
2026-07-01,574968.0247972425,96351.75764191951,97519.0167431178
2026-07-02,543700.7288254217,96351.75764191951,97519.0167431178
2026-07-06,549295.9948169959,96351.75764191951,97519.0167431178
2026-07-07,524004.1711917093,96351.75764191951,97519.0167431178
2026-07-08,530843.4452214286,96351.75764191951,97519.0167431178
2026-07-09,555738.8306181337,96351.75764191951,97519.0167431178
2026-07-10,549044.9025252331,96351.75764191951,97519.0167431178
2026-07-13,525572.246483005,96351.75764191951,97519.0167431178
2026-07-14,551594.7653317171,96351.75764191951,97519.0167431178
2026-07-15,507059.7314428593,96351.75764191951,97519.0167431178
2026-07-16,478088.18505462114,96351.75764191951,97519.0167431178
2026-07-17,476258.72545894276,96351.75764191951,97519.0167431178
2026-07-20,485987.31506795395,96351.75764191951,97519.0167431178
2026-07-21,543498.2463654808,96351.75764191951,97519.0167431178
2026-07-22,537562.2915821843,96351.75764191951,97519.0167431178
2026-07-23,554643.6378504005,96351.75764191951,97519.0167431178
2026-07-24,515155.74758992397,96351.75764191951,97519.0167431178
2026-07-27,503771.2182582334,96351.75764191951,97519.0167431178
2026-07-28,458415.6483598164,96351.75764191951,97519.0167431178
2026-07-29,413652.42382169276,96351.75764191951,97519.0167431178
2026-07-30,486472.82212389546,96351.75764191951,97519.0167431178
2026-07-31,460385.9553566236,96351.75764191951,97519.0167431178
2026-08-03,465130.4447011079,96351.75764191951,97519.0167431178
2026-08-04,499928.05598521244,96351.75764191951,97519.0167431178
2026-08-05,500256.0710996615,96351.75764191951,97519.0167431178
2026-08-06,494968.10518980474,96351.75764191951,97519.0167431178
