window,start,end,strategy,total_return,max_drawdown,sharpe,end_equity,n_trades,n_enters,bh_return,bh_max_drawdown,vs_bh_pp,beat_bh,dd_better_than_bh
full_2025_to_now,2025-01-02,2026-08-07,G1_weaken_flat,0.3009490165596367,-0.13702988257305748,0.8002740399630796,65047.45082798183,69,35,0.42759131850866283,-0.22639584817492053,-12.664230194902615,False,True
full_2025_to_now,2025-01-02,2026-08-07,G1_base,1.1819379811596868,-0.2684761847362017,1.5709261702925084,109096.89905798435,70,28,0.42759131850866283,-0.22639584817492053,75.43466626510241,True,False
y2025,2025-01-02,2025-12-31,G1_weaken_flat,0.020901585295189484,-0.13385608315059694,0.2054156727716261,51045.07926475947,45,23,0.21434348079421928,-0.22639584817492053,-19.34418954990298,False,True
y2025,2025-01-02,2025-12-31,G1_base,0.29181393953811585,-0.24921179866498588,1.1526911466157215,64590.6969769058,48,18,0.21434348079421928,-0.22639584817492053,7.7470458743896575,True,False
y2026_ytd,2026-01-02,2026-08-07,G1_weaken_flat,0.27475531041174084,-0.11784222566791525,1.6608538406436109,63737.76552058705,23,12,0.1773596877978143,-0.11668940990977383,9.739562261392653,True,False
y2026_ytd,2026-01-02,2026-08-07,G1_base,0.6892526460874133,-0.1728348756389786,2.0963507585653294,84462.63230437067,21,10,0.1773596877978143,-0.11668940990977383,51.1892958289599,True,False
h1_2025,2025-01-02,2025-06-30,G1_weaken_flat,-0.07323547749028203,-0.1288647965780334,-0.7027664381283206,46338.2261254859,27,14,0.08653061472374168,-0.22639584817492053,-15.976609221402372,False,True
h1_2025,2025-01-02,2025-06-30,G1_base,0.13263628455532972,-0.07529634802421803,1.637820677235635,56631.81422776648,15,6,0.08653061472374168,-0.22639584817492053,4.610566983158804,True,True
h2_2025,2025-07-01,2025-12-31,G1_weaken_flat,0.0788676884814914,-0.1270955310463241,0.7136420248224606,53943.384424074575,19,9,0.1267657264847033,-0.07801947147137822,-4.789803800321191,False,False
h2_2025,2025-07-01,2025-12-31,G1_base,0.1488401791452194,-0.24922197186476103,1.0323062235852274,57442.008957260965,34,12,0.1267657264847033,-0.07801947147137822,2.207445266051611,True,False
h1_2026,2026-01-02,2026-06-30,G1_weaken_flat,0.08771698130503469,-0.11784222566791525,0.7952595701187417,54385.849065251736,17,9,0.2031919893724885,-0.11668940990977383,-11.547500806745381,False,False
h1_2026,2026-01-02,2026-06-30,G1_base,0.8111619656149185,-0.12198511856170191,2.8257193445904,90558.09828074592,13,6,0.2031919893724885,-0.11668940990977383,60.796997624243,True,False
last_6m,2026-02-09,2026-08-07,G1_weaken_flat,0.3723618661185084,-0.11784001191154292,2.494498617162633,68618.09330592542,15,8,0.17501581800356614,-0.11273842260396394,19.73460481149423,True,False
last_6m,2026-02-09,2026-08-07,G1_base,0.8104565940833881,-0.1728334142508534,2.6211317073179767,90522.8297041694,14,7,0.17501581800356614,-0.11273842260396394,63.544077607982196,True,False
last_12m,2025-08-07,2026-08-07,G1_weaken_flat,0.3274374838080083,-0.13702762314871597,1.239882696324207,66371.87419040041,41,20,0.2727444545719051,-0.11812818019239213,5.46930292361032,True,False
last_12m,2025-08-07,2026-08-07,G1_base,0.8751947427816202,-0.2685061205021616,1.7177699345427075,93759.73713908101,47,19,0.2727444545719051,-0.11812818019239213,60.24502882097151,True,False
qchunk_1_2025-01-01_2025-03-31,2025-01-02,2025-03-31,G1_weaken_flat,-0.0901948152388028,-0.1288647965780334,-2.4611728845498537,45490.25923805986,20,10,-0.07939512457167064,-0.13191245009566077,-1.0799690667132156,False,True
qchunk_1_2025-01-01_2025-03-31,2025-01-02,2025-03-31,G1_base,-0.046240259013924256,-0.07529634802421803,-1.5005990454717653,47687.98704930379,13,5,-0.07939512457167064,-0.13191245009566077,3.3154865557746382,True,True
qchunk_2_2025-04-01_2025-06-30,2025-04-01,2025-06-30,G1_weaken_flat,0.018650920415994587,-0.11295129810735216,0.44441364723004806,50932.546020799724,7,4,0.17034591239728858,-0.12500393718482605,-15.1694991981294,False,True
qchunk_2_2025-04-01_2025-06-30,2025-04-01,2025-06-30,G1_base,0.18754885101809404,-0.04524340300766028,3.7506111899413064,59377.44255090471,2,1,0.17034591239728858,-0.12500393718482605,1.7202938620805464,True,True
qchunk_3_2025-07-01_2025-09-30,2025-07-01,2025-09-30,G1_weaken_flat,0.03544357123879904,-0.07658773281739295,0.6781861318738222,51772.17856193995,7,3,0.09868460290688019,-0.029412878658161223,-6.324103166808115,False,False
qchunk_3_2025-07-01_2025-09-30,2025-07-01,2025-09-30,G1_base,0.25353407122371663,-0.10169534139892789,3.169864541984932,62676.70356118583,18,6,0.09868460290688019,-0.029412878658161223,15.484946831683644,True,False
qchunk_4_2025-10-01_2025-12-31,2025-10-01,2025-12-31,G1_weaken_flat,0.025373909566063224,-0.12709553104632432,0.5090684917995908,51268.69547830316,13,6,0.02025572970556322,-0.07801947147137844,0.5118179860500005,True,False
qchunk_4_2025-10-01_2025-12-31,2025-10-01,2025-12-31,G1_base,-0.1417050673752942,-0.24927642371476277,-1.9061009484842295,42914.74663123529,17,6,0.02025572970556322,-0.07801947147137844,-16.19607970808574,False,False
qchunk_5_2026-01-01_2026-03-31,2026-01-02,2026-03-31,G1_weaken_flat,-0.07111385239388013,-0.1139165352308692,-1.9286720774115804,46444.307380305996,8,4,-0.05731993292083715,-0.11668940990977383,-1.3793919473042981,False,True
qchunk_5_2026-01-01_2026-03-31,2026-01-02,2026-03-31,G1_base,-0.06693083467711458,-0.10992626921041626,-1.8221257119959997,46653.45826614427,7,3,-0.05731993292083715,-0.11668940990977383,-0.9610901756277435,False,True
qchunk_6_2026-04-01_2026-06-30,2026-04-01,2026-06-30,G1_weaken_flat,0.1709964704094733,-0.11784001191154292,2.118358905782204,58549.82352047366,9,5,0.2603879185786888,-0.07057768097887718,-8.939144816921551,False,False
qchunk_6_2026-04-01_2026-06-30,2026-04-01,2026-06-30,G1_base,0.9411027057410546,-0.12198306491963185,4.61617059047719,97055.13528705273,6,3,0.2603879185786888,-0.07057768097887718,68.07147871623658,True,False
qchunk_7_2026-07-01_2026-08-07,2026-07-01,2026-08-07,G1_weaken_flat,0.13824417271578526,-0.01906731214965185,4.399526090075436,56912.20863578926,7,3,-0.006603521255324596,-0.08779969740494187,14.484769397110986,True,True
qchunk_7_2026-07-01_2026-08-07,2026-07-01,2026-08-07,G1_base,0.03785900866095404,-0.07953459357530013,1.1297636302860656,51892.95043304771,9,4,-0.006603521255324596,-0.08779969740494187,4.446252991627864,True,True
