,above_sma50,above_sma200,ret20,dd60,overlap,strong_share,breadth,raw_label,label,method
2025-01-02,1.0,1.0,-0.011253021174577937,-0.050385692803276094,0.6,0.17525773195876287,0.12371134020618557,Range,Rotation,hierarchy
2025-01-03,1.0,1.0,-0.007343539979674074,-0.034843604099556336,0.5,0.17525773195876287,0.14432989690721648,Range,Rotation,hierarchy
2025-01-06,1.0,1.0,0.006853421102503532,-0.023752826601365795,0.4,0.16494845360824742,0.29896907216494845,Rotation,Rotation,hierarchy
2025-01-07,1.0,1.0,-0.01988339064135136,-0.04117181611247156,0.3,0.15463917525773196,0.20618556701030927,Rotation,Rotation,hierarchy
2025-01-08,1.0,1.0,-0.01201903109842195,-0.04100493881790879,0.4,0.16494845360824742,0.21649484536082475,Rotation,Rotation,hierarchy
2025-01-10,0.0,1.0,-0.024186154696025364,-0.05604264558637684,0.3,0.1958762886597938,0.20618556701030927,Defense,Defense,hierarchy
2025-01-13,0.0,1.0,-0.04442912609896954,-0.05907643730101286,0.3,0.15463917525773196,0.12371134020618557,Defense,Defense,hierarchy
2025-01-14,0.0,1.0,-0.03913661784491773,-0.05997082459883829,0.3,0.16494845360824742,0.18556701030927836,Defense,Defense,hierarchy
2025-01-15,1.0,1.0,-0.02449620070184788,-0.03834427723381206,0.3,0.16494845360824742,0.27835051546391754,Rotation,Defense,hierarchy
2025-01-16,0.0,1.0,-0.045081244867116954,-0.045081244867116954,0.1,0.17525773195876287,0.27835051546391754,Defense,Defense,hierarchy
2025-01-17,1.0,1.0,-0.024669571997333106,-0.028963523248444645,0.2,0.15463917525773196,0.3917525773195876,Rotation,Defense,hierarchy
2025-01-21,1.0,1.0,0.017767895870048678,-0.023269069949711785,0.3,0.18556701030927836,0.6907216494845361,Rotation,Defense,hierarchy
2025-01-22,1.0,1.0,0.035394530774695676,-0.010779523218444331,0.0,0.1958762886597938,0.7628865979381443,Rotation,Defense,hierarchy
2025-01-23,1.0,1.0,0.028611340254323103,-0.008677619317265739,0.1,0.18556701030927836,0.711340206185567,Rotation,Defense,hierarchy
2025-01-24,1.0,1.0,0.012928684145117275,-0.014278321326918308,0.1,0.18556701030927836,0.6597938144329897,Rotation,Rotation,hierarchy
2025-01-27,0.0,1.0,-0.02971838536379512,-0.04297746594015672,0.1,0.1958762886597938,0.5773195876288659,Defense,Defense,hierarchy
2025-01-28,1.0,1.0,-0.014708539970058054,-0.02883227144373246,0.1,0.1958762886597938,0.5670103092783505,Rotation,Defense,hierarchy
2025-01-29,1.0,1.0,-0.003310243246004818,-0.03065667152923357,0.1,0.16494845360824742,0.6185567010309279,Rotation,Defense,hierarchy
2025-01-30,1.0,1.0,0.014429633797973462,-0.026525989732358868,0.1,0.14432989690721648,0.6907216494845361,Rotation,Defense,hierarchy
2025-01-31,1.0,1.0,0.021633786385573117,-0.027939759171688783,0.2,0.17525773195876287,0.7010309278350515,Rotation,Defense,hierarchy
2025-02-03,0.0,1.0,0.015444640579401092,-0.035719241139565816,0.3,0.18556701030927836,0.6907216494845361,Defense,Defense,hierarchy
2025-02-04,1.0,1.0,0.011357123846268857,-0.02388220338029645,0.3,0.18556701030927836,0.6391752577319587,Rotation,Defense,hierarchy
2025-02-05,1.0,1.0,0.004404042576893197,-0.01945339248414668,0.3,0.1958762886597938,0.5979381443298969,Rotation,Defense,hierarchy
2025-02-06,1.0,1.0,0.027989627821842777,-0.014334572100366372,0.5,0.18556701030927836,0.6597938144329897,Range,Defense,hierarchy
2025-02-07,1.0,1.0,0.014845822815994225,-0.026767868058185873,0.6,0.17525773195876287,0.6494845360824743,Range,Defense,hierarchy
2025-02-10,1.0,1.0,0.043495015265067716,-0.014985206046583266,0.5,0.16494845360824742,0.7422680412371134,Rotation,Defense,hierarchy
2025-02-11,1.0,1.0,0.044366594329827924,-0.017330863299370503,0.5,0.15463917525773196,0.7319587628865979,Rotation,Defense,hierarchy
2025-02-12,1.0,1.0,0.045974604162428045,-0.016753355358636313,0.5,0.18556701030927836,0.7319587628865979,Rotation,Defense,hierarchy
2025-02-13,1.0,1.0,0.037159079387610205,-0.002610035887993578,0.4,0.15463917525773196,0.7319587628865979,Rotation,Defense,hierarchy
2025-02-14,1.0,1.0,0.048862813013589745,0.0,0.6,0.13402061855670103,0.7010309278350515,Rotation,Rotation,hierarchy
2025-02-18,1.0,1.0,0.03379167720645171,0.0,0.5,0.18556701030927836,0.7010309278350515,Rotation,Rotation,hierarchy
2025-02-19,1.0,1.0,0.028050587810702687,0.0,0.3,0.16494845360824742,0.6597938144329897,Rotation,Rotation,hierarchy
2025-02-20,1.0,1.0,0.010760514578914693,-0.004246276571906571,0.4,0.16494845360824742,0.6494845360824743,Rotation,Rotation,hierarchy
2025-02-21,1.0,1.0,-0.0123151591267604,-0.024911862685051078,0.3,0.12371134020618557,0.6082474226804123,Rotation,Rotation,hierarchy
2025-02-24,0.0,1.0,-0.018428376046915496,-0.036421998476270145,0.1,0.13402061855670103,0.5979381443298969,Defense,Defense,hierarchy
2025-02-25,0.0,1.0,-0.001731957954957286,-0.04856328707369173,0.3,0.15463917525773196,0.6082474226804123,Defense,Defense,hierarchy
2025-02-26,0.0,1.0,-0.013895190453114048,-0.046264621084238344,0.1,0.15463917525773196,0.5773195876288659,Defense,Defense,hierarchy
2025-02-27,0.0,1.0,-0.03947572034291735,-0.07275063115280622,0.2,0.17525773195876287,0.5051546391752577,Defense,Defense,hierarchy
2025-02-28,0.0,1.0,-0.02844683625493316,-0.058107139122510865,0.2,0.16494845360824742,0.5360824742268041,Defense,Defense,hierarchy
2025-03-03,0.0,1.0,-0.0483252157978491,-0.07871857307180952,0.5,0.20618556701030927,0.4639175257731959,Defense,Defense,hierarchy
2025-03-04,0.0,1.0,-0.043542766918930664,-0.08149900658789089,0.3,0.20618556701030927,0.4845360824742268,Defense,Defense,hierarchy
2025-03-05,0.0,1.0,-0.042824569862213835,-0.06952577642999058,0.3,0.21649484536082475,0.5051546391752577,Defense,Defense,hierarchy
2025-03-06,0.0,0.0,-0.07336060166248848,-0.09512294408508992,0.5,0.23711340206185566,0.36082474226804123,Defense,Defense,hierarchy
2025-03-07,0.0,0.0,-0.07139310722662606,-0.08846782988004365,0.4,0.26804123711340205,0.41237113402061853,Defense,Defense,hierarchy
2025-03-10,0.0,0.0,-0.09597919275599642,-0.12379558118343015,0.5,0.29896907216494845,0.38144329896907214,Defense,Defense,hierarchy
2025-03-11,0.0,0.0,-0.10892879577563974,-0.12589070972946326,0.4,0.26804123711340205,0.27835051546391754,Defense,Defense,hierarchy
2025-03-12,0.0,0.0,-0.09672513704890251,-0.1160294139615482,0.3,0.26804123711340205,0.24742268041237114,Defense,Defense,hierarchy
2025-03-13,0.0,0.0,-0.11349737123634829,-0.13193334428825387,0.4,0.25773195876288657,0.24742268041237114,Defense,Defense,hierarchy
2025-03-14,0.0,0.0,-0.10494347043054209,-0.11095031445601355,0.3,0.28865979381443296,0.23711340206185566,Defense,Defense,hierarchy
2025-03-17,0.0,0.0,-0.10290769945036027,-0.10518590998043065,0.3,0.3402061855670103,0.27835051546391754,Defense,Defense,hierarchy
2025-03-18,0.0,0.0,-0.12019709402124479,-0.12044188165698155,0.4,0.35051546391752575,0.1958762886597938,Defense,Defense,hierarchy
2025-03-19,0.0,0.0,-0.10867218894250164,-0.10867218894250164,0.3,0.35051546391752575,0.20618556701030927,Defense,Defense,hierarchy
2025-03-20,0.0,0.0,-0.10790542593210739,-0.11169350622189689,0.5,0.38144329896907214,0.18556701030927836,Defense,Defense,hierarchy
2025-03-21,0.0,0.0,-0.08599409789979462,-0.1087636874262411,0.3,0.35051546391752575,0.17525773195876287,Defense,Defense,hierarchy
2025-03-24,0.0,0.0,-0.05476112498861496,-0.0891886138539909,0.2,0.31958762886597936,0.2268041237113402,Defense,Defense,hierarchy
2025-03-25,0.0,1.0,-0.037234971669469985,-0.08399000612479657,0.4,0.32989690721649484,0.25773195876288657,PanicRebound,Defense,hierarchy
2025-03-26,0.0,0.0,-0.05722934026690063,-0.1008462676087899,0.0,0.4020618556701031,0.24742268041237114,Defense,Defense,hierarchy
2025-03-27,0.0,0.0,-0.03582590903964811,-0.10597018269819691,0.1,0.38144329896907214,0.35051546391752575,Defense,Defense,hierarchy
2025-03-28,0.0,0.0,-0.0758053964037192,-0.12950770081116214,0.4,0.3711340206185567,0.18556701030927836,Defense,Defense,hierarchy
2025-03-31,0.0,0.0,-0.05516932456645285,-0.12954504713105575,0.1,0.38144329896907214,0.26804123711340205,Defense,Defense,hierarchy
2025-04-01,0.0,0.0,-0.044669159129305136,-0.12252767362304118,0.3,0.35051546391752575,0.29896907216494845,Defense,Defense,hierarchy
2025-04-02,0.0,0.0,-0.05007876860092919,-0.11612277976128238,0.2,0.3711340206185567,0.31958762886597936,Defense,Defense,hierarchy
2025-04-03,0.0,0.0,-0.07549934273928116,-0.16344056706652133,0.5,0.3711340206185567,0.24742268041237114,Defense,Defense,hierarchy
2025-04-04,0.0,0.0,-0.13924994520138245,-0.2153986346185447,0.6,0.35051546391752575,0.07216494845360824,Defense,Defense,hierarchy
2025-04-07,0.0,0.0,-0.10238432161489419,-0.21350517619993725,0.3,0.36082474226804123,0.09278350515463918,Defense,Defense,hierarchy
2025-04-08,0.0,0.0,-0.11643630770545388,-0.22766876801959934,0.4,0.3711340206185567,0.041237113402061855,Defense,Defense,hierarchy
2025-04-09,0.0,0.0,-0.021419925600613565,-0.1349639981476226,0.1,0.32989690721649484,0.3917525773195876,Defense,Defense,hierarchy
2025-04-10,0.0,0.0,-0.045874796181330946,-0.1717557251908397,0.3,0.36082474226804123,0.28865979381443296,Defense,Defense,hierarchy
2025-04-11,0.0,0.0,-0.05123175057917162,-0.15649788619829408,0.3,0.35051546391752575,0.27835051546391754,PanicRebound,Defense,hierarchy
2025-04-14,0.0,0.0,-0.05095388545027313,-0.15078016462257815,0.3,0.35051546391752575,0.26804123711340205,PanicRebound,Defense,hierarchy
2025-04-15,0.0,0.0,-0.03341627249335499,-0.14983343541327443,0.1,0.35051546391752575,0.31958762886597936,PanicRebound,Defense,hierarchy
2025-04-16,0.0,0.0,-0.07494170711728332,-0.17546981670426198,0.4,0.3711340206185567,0.21649484536082475,Defense,Defense,hierarchy
2025-04-17,0.0,0.0,-0.07196145575168222,-0.1756173346678418,0.4,0.38144329896907214,0.24742268041237114,Defense,Defense,hierarchy
2025-04-21,0.0,0.0,-0.0979022883745877,-0.1960177619097414,0.5,0.38144329896907214,0.16494845360824742,Defense,Defense,hierarchy
2025-04-22,0.0,0.0,-0.09411704406835253,-0.17491148922185207,0.4,0.3711340206185567,0.1958762886597938,Defense,Defense,hierarchy
2025-04-23,0.0,0.0,-0.07883208405276532,-0.15620098295513962,0.4,0.3402061855670103,0.21649484536082475,Defense,Defense,hierarchy
2025-04-24,0.0,0.0,-0.035157272149559105,-0.1324580600827594,0.3,0.35051546391752575,0.25773195876288657,PanicRebound,Defense,hierarchy
2025-04-25,0.0,0.0,-0.01881038811307123,-0.12278723054630203,0.3,0.31958762886597936,0.3711340206185567,PanicRebound,Defense,hierarchy
2025-04-28,0.0,0.0,0.007400686011416413,-0.12306546062950963,0.2,0.31958762886597936,0.4845360824742268,PanicRebound,Defense,hierarchy
2025-04-29,0.0,0.0,0.014096230207678584,-0.1172749137300011,0.3,0.38144329896907214,0.4948453608247423,PanicRebound,Defense,hierarchy
2025-04-30,0.0,0.0,0.005860684257231741,-0.1173850853736873,0.4,0.30927835051546393,0.44329896907216493,PanicRebound,PanicRebound,hierarchy
2025-05-01,1.0,0.0,0.011613192180690124,-0.10585814373851599,0.4,0.28865979381443296,0.4329896907216495,Defense,Defense,hierarchy
2025-05-02,1.0,0.0,0.08469847165519728,-0.09258526164831715,0.3,0.27835051546391754,0.711340206185567,Defense,Defense,hierarchy
2025-05-05,1.0,0.0,0.1496682342637372,-0.09796873366098513,0.2,0.30927835051546393,0.9175257731958762,Defense,Defense,hierarchy
2025-05-06,1.0,0.0,0.1362330539661436,-0.10635858442509083,0.2,0.27835051546391754,0.9175257731958762,Defense,Defense,hierarchy
2025-05-07,1.0,0.0,0.16161313330351423,-0.10284989767108355,0.1,0.27835051546391754,0.9587628865979382,Defense,Defense,hierarchy
2025-05-08,1.0,0.0,0.04783152114080713,-0.09358801033746145,0.4,0.26804123711340205,0.7319587628865979,Defense,Defense,hierarchy
2025-05-09,1.0,0.0,0.0936606635583972,-0.09418181682377025,0.2,0.26804123711340205,0.865979381443299,Defense,Defense,hierarchy
2025-05-12,1.0,1.0,0.11762843714787286,-0.05727805082087223,0.2,0.21649484536082475,0.8556701030927835,PanicRebound,Defense,hierarchy
2025-05-13,1.0,1.0,0.12702157741858167,-0.04291092155778975,0.1,0.1958762886597938,0.8247422680412371,PanicRebound,Defense,hierarchy
2025-05-14,1.0,1.0,0.1325139252517087,-0.03717452682212696,0.0,0.14432989690721648,0.8144329896907216,PanicRebound,Defense,hierarchy
2025-05-15,1.0,1.0,0.16900799213695117,-0.03200726108008567,0.0,0.14432989690721648,0.865979381443299,PanicRebound,Defense,hierarchy
2025-05-16,1.0,1.0,0.17430687686871416,-0.007188995513101704,0.0,0.15463917525773196,0.8556701030927835,PanicRebound,PanicRebound,hierarchy
2025-05-19,1.0,1.0,0.20525832936558608,0.0,0.0,0.15463917525773196,0.9072164948453608,Rotation,PanicRebound,hierarchy
2025-05-20,1.0,1.0,0.1705117933815843,-0.003333782976509214,0.0,0.15463917525773196,0.865979381443299,Rotation,PanicRebound,hierarchy
2025-05-21,1.0,1.0,0.12865198128698463,-0.01718343514539533,0.0,0.14432989690721648,0.865979381443299,Rotation,Rotation,hierarchy
2025-05-22,1.0,1.0,0.09981639843906387,-0.015345036902857712,0.3,0.14432989690721648,0.8247422680412371,Rotation,Rotation,hierarchy
2025-05-23,1.0,1.0,0.07761850429570094,-0.024463800512593115,0.3,0.15463917525773196,0.8144329896907216,Rotation,Rotation,hierarchy
2025-05-27,1.0,1.0,0.10332117464434232,-0.0015127281136183557,0.4,0.17525773195876287,0.845360824742268,Rotation,Rotation,hierarchy
2025-05-28,1.0,1.0,0.09122447770792252,-0.005939144007862329,0.3,0.16494845360824742,0.7938144329896907,Rotation,Rotation,hierarchy
2025-05-29,1.0,1.0,0.09350597145970174,-0.003985123234347521,0.5,0.15463917525773196,0.7319587628865979,Rotation,Rotation,hierarchy
2025-05-30,1.0,1.0,0.07770686536991644,-0.005555662613454415,0.5,0.15463917525773196,0.7731958762886598,Rotation,Rotation,hierarchy
2025-06-02,1.0,1.0,0.07033085980746834,0.0,0.6,0.15463917525773196,0.711340206185567,Rotation,Rotation,hierarchy
2025-06-03,1.0,1.0,0.08513589324787851,0.0,0.5,0.15463917525773196,0.7835051546391752,Rotation,Rotation,hierarchy
2025-06-04,1.0,1.0,0.09837641306391953,0.0,0.5,0.17525773195876287,0.8041237113402062,Rotation,Rotation,hierarchy
2025-06-05,1.0,1.0,0.08584678082377106,-0.007525920289165877,0.3,0.17525773195876287,0.7938144329896907,Rotation,Rotation,hierarchy
2025-06-06,1.0,1.0,0.08525593880624394,0.0,0.3,0.16494845360824742,0.8247422680412371,Rotation,Rotation,hierarchy
2025-06-09,1.0,1.0,0.08756707504365147,0.0,0.2,0.1958762886597938,0.7835051546391752,Rotation,Rotation,hierarchy
2025-06-10,1.0,1.0,0.051904114853007055,0.0,0.3,0.16494845360824742,0.711340206185567,Rotation,Rotation,hierarchy
2025-06-11,1.0,1.0,0.03262328601418796,-0.003368746916532661,0.3,0.14432989690721648,0.6597938144329897,Rotation,Rotation,hierarchy
2025-06-12,1.0,1.0,0.02887979519801398,-0.0010300193199236363,0.4,0.15463917525773196,0.7422680412371134,Rotation,Rotation,hierarchy
2025-06-13,1.0,1.0,0.014849298508677,-0.013571022374203934,0.4,0.15463917525773196,0.5360824742268041,Rotation,Rotation,hierarchy
2025-06-16,1.0,1.0,0.024506541828934525,0.0,0.4,0.15463917525773196,0.5979381443298969,Rotation,Rotation,hierarchy
2025-06-17,1.0,1.0,0.01354325246179644,-0.009752644322191362,0.5,0.17525773195876287,0.4948453608247423,Range,Rotation,hierarchy
2025-06-18,1.0,1.0,0.016761407579273024,-0.00992020906054547,0.4,0.15463917525773196,0.5257731958762887,Rotation,Rotation,hierarchy
2025-06-20,1.0,1.0,0.02687970698786102,-0.01396247302960818,0.4,0.14432989690721648,0.5670103092783505,Rotation,Rotation,hierarchy
2025-06-23,1.0,1.0,0.03548370051294891,-0.003840809733063888,0.4,0.17525773195876287,0.6494845360824743,Rotation,Rotation,hierarchy
2025-06-24,1.0,1.0,0.06114551542267899,0.0,0.4,0.23711340206185566,0.7422680412371134,Rotation,Rotation,hierarchy
2025-06-25,1.0,1.0,0.039404027830047594,0.0,0.6,0.20618556701030927,0.5360824742268041,Rotation,Rotation,hierarchy
2025-06-26,1.0,1.0,0.053794916331942666,0.0,0.5,0.21649484536082475,0.6494845360824743,Rotation,Rotation,hierarchy
2025-06-27,1.0,1.0,0.05532811466116683,0.0,0.5,0.2268041237113402,0.6907216494845361,Rotation,Rotation,hierarchy
2025-06-30,1.0,1.0,0.0638410842423267,0.0,0.5,0.2268041237113402,0.7216494845360825,Rotation,Rotation,hierarchy
2025-07-01,1.0,1.0,0.046606283513707325,-0.008429995336908247,0.4,0.24742268041237114,0.7319587628865979,Rotation,Rotation,hierarchy
2025-07-02,1.0,1.0,0.045722058265244,-0.0015227908603404616,0.5,0.24742268041237114,0.711340206185567,Rotation,Rotation,hierarchy
2025-07-03,1.0,1.0,0.05307714258537044,0.0,0.4,0.25773195876288657,0.7938144329896907,Rotation,Rotation,hierarchy
2025-07-07,1.0,1.0,0.053069423838495444,-0.007533194833348356,0.5,0.27835051546391754,0.7525773195876289,CrowdedTrend,Rotation,hierarchy
2025-07-08,1.0,1.0,0.04346299210505822,-0.006974979676632631,0.6,0.20618556701030927,0.7525773195876289,Rotation,Rotation,hierarchy
2025-07-09,1.0,1.0,0.04930350342798784,0.0,0.4,0.25773195876288657,0.7628865979381443,Rotation,Rotation,hierarchy
2025-07-10,1.0,1.0,0.04091078563923345,-0.0014379132194083377,0.4,0.25773195876288657,0.6597938144329897,Rotation,Rotation,hierarchy
2025-07-11,1.0,1.0,0.0420787916919374,-0.003685104230644276,0.5,0.26804123711340205,0.6804123711340206,CrowdedTrend,Rotation,hierarchy
2025-07-14,1.0,1.0,0.04340909048068742,-7.225694569901187e-05,0.4,0.2268041237113402,0.6494845360824743,Rotation,Rotation,hierarchy
2025-07-15,1.0,1.0,0.05764425380499416,0.0,0.5,0.23711340206185566,0.6597938144329897,Rotation,Rotation,hierarchy
2025-07-16,1.0,1.0,0.04420131867800836,0.0,0.7,0.2268041237113402,0.6185567010309279,Rotation,Rotation,hierarchy
2025-07-17,1.0,1.0,0.06301833986744176,0.0,0.6,0.23711340206185566,0.7319587628865979,Rotation,Rotation,hierarchy
2025-07-18,1.0,1.0,0.062177082125015826,-0.0009604670338022592,0.6,0.23711340206185566,0.7525773195876289,Rotation,Rotation,hierarchy
2025-07-21,1.0,1.0,0.07206113166909156,0.0,0.7,0.23711340206185566,0.7525773195876289,Rotation,Rotation,hierarchy
2025-07-22,1.0,1.0,0.05567588613073582,-0.005175773249124549,0.6,0.1958762886597938,0.7835051546391752,Rotation,Rotation,hierarchy
2025-07-23,1.0,1.0,0.04451878203016091,-0.000637621067854921,0.5,0.1958762886597938,0.711340206185567,Rotation,Rotation,hierarchy
2025-07-24,1.0,1.0,0.04407292010947672,0.0,0.4,0.18556701030927836,0.7525773195876289,Rotation,Rotation,hierarchy
2025-07-25,1.0,1.0,0.03688939252903789,0.0,0.4,0.1958762886597938,0.711340206185567,Rotation,Rotation,hierarchy
2025-07-28,1.0,1.0,0.03658203458005116,0.0,0.5,0.21649484536082475,0.6907216494845361,Rotation,Rotation,hierarchy
2025-07-29,1.0,1.0,0.028315531009559525,-0.001549309973417623,0.4,0.18556701030927836,0.6391752577319587,Rotation,Rotation,hierarchy
2025-07-30,1.0,1.0,0.03844853811052884,-0.00021046562424287263,0.6,0.18556701030927836,0.5257731958762887,Rotation,Rotation,hierarchy
2025-07-31,1.0,1.0,0.025799225038128037,-0.00550924722282653,0.6,0.18556701030927836,0.41237113402061853,Range,Rotation,hierarchy
2025-08-01,1.0,1.0,-0.00420738867310988,-0.025100236464319026,0.4,0.17525773195876287,0.38144329896907214,Rotation,Rotation,hierarchy
2025-08-04,1.0,1.0,0.02186464742072891,-0.007111615756977607,0.5,0.2268041237113402,0.4639175257731959,Range,Rotation,hierarchy
2025-08-05,1.0,1.0,0.014357209258326176,-0.013851821588820923,0.4,0.20618556701030927,0.41237113402061853,Range,Rotation,hierarchy
2025-08-06,1.0,1.0,0.019901369269120783,-0.0014431928519507142,0.5,0.17525773195876287,0.41237113402061853,Range,Range,hierarchy
2025-08-07,1.0,1.0,0.024827057223074656,0.0,0.6,0.12371134020618557,0.4536082474226804,Range,Range,hierarchy
2025-08-08,1.0,1.0,0.03671900496790825,0.0,0.7,0.1134020618556701,0.4639175257731959,Rotation,Range,hierarchy
2025-08-11,1.0,1.0,0.029916537196950754,-0.0029591180009513884,0.4,0.12371134020618557,0.4329896907216495,Rotation,Range,hierarchy
2025-08-12,1.0,1.0,0.04190611643756492,0.0,0.5,0.13402061855670103,0.5051546391752577,Rotation,Rotation,hierarchy
2025-08-13,1.0,1.0,0.041360222857297346,0.0,0.3,0.14432989690721648,0.5463917525773195,Rotation,Rotation,hierarchy
2025-08-14,1.0,1.0,0.03220158003087081,-0.0007739536043382955,0.2,0.14432989690721648,0.5154639175257731,Rotation,Rotation,hierarchy
2025-08-15,1.0,1.0,0.02865015056412301,-0.005168347894742298,0.3,0.1134020618556701,0.5051546391752577,Rotation,Rotation,hierarchy
2025-08-18,1.0,1.0,0.022936547798426243,-0.005564847615980417,0.3,0.1134020618556701,0.5154639175257731,Rotation,Rotation,hierarchy
2025-08-19,1.0,1.0,0.014306533275087796,-0.019057958216893933,0.3,0.12371134020618557,0.4536082474226804,Rotation,Rotation,hierarchy
2025-08-20,1.0,1.0,0.0037069776725882075,-0.024880790367653893,0.2,0.09278350515463918,0.4020618556701031,Rotation,Rotation,hierarchy
2025-08-21,1.0,1.0,-0.003062433087081873,-0.02939638544620926,0.1,0.1134020618556701,0.422680412371134,Rotation,Rotation,hierarchy
2025-08-22,1.0,1.0,0.00988909804116389,-0.014421162350187089,0.2,0.15463917525773196,0.4536082474226804,Rotation,Rotation,hierarchy
2025-08-25,1.0,1.0,0.0038361339410306616,-0.017265917992083768,0.3,0.1958762886597938,0.422680412371134,Rotation,Rotation,hierarchy
2025-08-26,1.0,1.0,0.009430737046464577,-0.013319966617840073,0.2,0.18556701030927836,0.44329896907216493,Rotation,Rotation,hierarchy
2025-08-27,1.0,1.0,0.009628618028848734,-0.011803225326116662,0.3,0.21649484536082475,0.4742268041237113,Range,Rotation,hierarchy
2025-08-28,1.0,1.0,0.02136233811964461,-0.0056167908109026055,0.2,0.18556701030927836,0.5463917525773195,Rotation,Rotation,hierarchy
2025-08-29,1.0,1.0,0.029826512415165762,-0.01712740280562497,0.4,0.16494845360824742,0.6082474226804123,Rotation,Rotation,hierarchy
2025-09-02,1.0,1.0,0.0026950864992731915,-0.025363862080428845,0.3,0.13402061855670103,0.4948453608247423,Rotation,Rotation,hierarchy
2025-09-03,1.0,1.0,0.01749162901892265,-0.01769531507010602,0.4,0.13402061855670103,0.5360824742268041,Rotation,Rotation,hierarchy
2025-09-04,1.0,1.0,0.013942688324592778,-0.008804371539284483,0.4,0.15463917525773196,0.5257731958762887,Rotation,Rotation,hierarchy
2025-09-05,1.0,1.0,0.011980413339264251,-0.0073742022390980155,0.4,0.1134020618556701,0.6391752577319587,Rotation,Rotation,hierarchy
2025-09-08,1.0,1.0,0.007518468254190225,-0.002533096472364438,0.5,0.10309278350515463,0.5773195876288659,Range,Rotation,hierarchy
2025-09-09,1.0,1.0,0.013373092439922907,0.0,0.5,0.10309278350515463,0.6288659793814433,Range,Rotation,hierarchy
2025-09-10,1.0,1.0,0.0011208004628715518,0.0,0.7,0.13402061855670103,0.4742268041237113,Range,Range,hierarchy
2025-09-11,1.0,1.0,0.006444419049993488,0.0,0.7,0.14432989690721648,0.4536082474226804,Range,Range,hierarchy
2025-09-12,1.0,1.0,0.011673745076736353,0.0,0.8,0.14432989690721648,0.4742268041237113,Range,Range,hierarchy
2025-09-15,1.0,1.0,0.02483774794672189,0.0,0.9,0.13402061855670103,0.4329896907216495,Range,Range,hierarchy
2025-09-16,1.0,1.0,0.024379287530034377,-0.0008457305889546518,0.9,0.12371134020618557,0.4639175257731959,Range,Range,hierarchy
2025-09-17,1.0,1.0,0.036397686334937784,-0.0028394810135181636,0.8,0.13402061855670103,0.5463917525773195,Rotation,Range,hierarchy
2025-09-18,1.0,1.0,0.05198656211824204,0.0,0.8,0.14432989690721648,0.5670103092783505,Rotation,Range,hierarchy
2025-09-19,1.0,1.0,0.06403592019636939,0.0,0.9,0.15463917525773196,0.5567010309278351,Rotation,Rotation,hierarchy
2025-09-22,1.0,1.0,0.05412095392858718,0.0,0.7,0.15463917525773196,0.4536082474226804,Rotation,Rotation,hierarchy
2025-09-23,1.0,1.0,0.05014958191063146,-0.006642979041117769,0.7,0.17525773195876287,0.4948453608247423,Rotation,Rotation,hierarchy
2025-09-24,1.0,1.0,0.04227873112917013,-0.010129459762146187,0.7,0.15463917525773196,0.4536082474226804,Rotation,Rotation,hierarchy
2025-09-25,1.0,1.0,0.03619180112731435,-0.014397565463175277,0.7,0.14432989690721648,0.41237113402061853,Rotation,Rotation,hierarchy
2025-09-26,1.0,1.0,0.03397990632236958,-0.010344448296090825,0.7,0.16494845360824742,0.44329896907216493,Rotation,Rotation,hierarchy
2025-09-29,1.0,1.0,0.0509334780203714,-0.005761359394165666,0.6,0.16494845360824742,0.5154639175257731,Rotation,Rotation,hierarchy
2025-09-30,1.0,1.0,0.06271751005942394,-0.0030381712975309227,0.6,0.17525773195876287,0.5257731958762887,Rotation,Rotation,hierarchy
2025-10-01,1.0,1.0,0.059478190977448886,0.0,0.6,0.18556701030927836,0.5670103092783505,Rotation,Rotation,hierarchy
2025-10-02,1.0,1.0,0.05429114938974844,0.0,0.6,0.1958762886597938,0.5979381443298969,Rotation,Rotation,hierarchy
2025-10-03,1.0,1.0,0.04834160423516698,-0.004208440408318026,0.6,0.17525773195876287,0.5773195876288659,Rotation,Rotation,hierarchy
2025-10-06,1.0,1.0,0.0510874150090872,0.0,0.6,0.1958762886597938,0.5567010309278351,Rotation,Rotation,hierarchy
2025-10-07,1.0,1.0,0.04259819567821288,-0.005264878897876746,0.6,0.1958762886597938,0.5463917525773195,Rotation,Rotation,hierarchy
2025-10-08,1.0,1.0,0.05420539077681252,0.0,0.6,0.1958762886597938,0.5773195876288659,Rotation,Rotation,hierarchy
2025-10-09,1.0,1.0,0.04683661462024924,-0.0012113472709397444,0.5,0.20618556701030927,0.5360824742268041,Rotation,Rotation,hierarchy
2025-10-10,1.0,1.0,0.006052986756736267,-0.03588246976966347,0.4,0.21649484536082475,0.44329896907216493,Range,Rotation,hierarchy
2025-10-13,1.0,1.0,0.018685890904150515,-0.015422518912938998,0.5,0.1958762886597938,0.5051546391752577,Range,Rotation,hierarchy
2025-10-14,1.0,1.0,0.012756186027854444,-0.021981521209246346,0.5,0.20618556701030927,0.5257731958762887,Range,Range,hierarchy
2025-10-15,1.0,1.0,0.021942612676440154,-0.015079467992035966,0.5,0.1958762886597938,0.4948453608247423,Range,Range,hierarchy
2025-10-16,1.0,1.0,0.009060496706961851,-0.018726640940583184,0.4,0.1958762886597938,0.3917525773195876,Rotation,Range,hierarchy
2025-10-17,1.0,1.0,0.008857064779126622,-0.012282536081898998,0.3,0.18556701030927836,0.41237113402061853,Rotation,Range,hierarchy
2025-10-20,1.0,1.0,0.015509172844114794,0.0,0.3,0.16494845360824742,0.5463917525773195,Rotation,Rotation,hierarchy
2025-10-21,1.0,1.0,0.022033534324531923,-0.0002609389205990853,0.4,0.15463917525773196,0.6288659793814433,Rotation,Rotation,hierarchy
2025-10-22,1.0,1.0,0.01575206160746445,-0.00989270322874991,0.4,0.15463917525773196,0.5876288659793815,Rotation,Rotation,hierarchy
2025-10-23,1.0,1.0,0.028727090107593334,-0.001568915774168067,0.3,0.17525773195876287,0.6701030927835051,Rotation,Rotation,hierarchy
2025-10-24,1.0,1.0,0.03545320591083234,0.0,0.3,0.1958762886597938,0.5773195876288659,Rotation,Rotation,hierarchy
2025-10-27,1.0,1.0,0.04903658383271159,0.0,0.4,0.20618556701030927,0.6391752577319587,Rotation,Rotation,hierarchy
2025-10-28,1.0,1.0,0.05421516560265727,0.0,0.4,0.20618556701030927,0.5979381443298969,Rotation,Rotation,hierarchy
2025-10-29,1.0,1.0,0.05390814503275787,0.0,0.5,0.18556701030927836,0.5360824742268041,Rotation,Rotation,hierarchy
2025-10-30,1.0,1.0,0.033546572026463606,-0.015288540619213475,0.6,0.1958762886597938,0.5257731958762887,Rotation,Rotation,hierarchy
2025-10-31,1.0,1.0,0.04292115425892118,-0.010538595474844592,0.6,0.23711340206185566,0.5360824742268041,Rotation,Rotation,hierarchy
2025-11-03,1.0,1.0,0.04010258917099607,-0.005802857544267348,0.5,0.1958762886597938,0.5051546391752577,Rotation,Rotation,hierarchy
2025-11-04,1.0,1.0,0.024383481589948408,-0.02598341544576721,0.5,0.1958762886597938,0.4948453608247423,Range,Rotation,hierarchy
2025-11-05,1.0,1.0,0.01936350102340767,-0.01964541951534471,0.5,0.20618556701030927,0.4536082474226804,Range,Rotation,hierarchy
2025-11-06,1.0,1.0,0.0015891510449448365,-0.03790642497565044,0.6,0.20618556701030927,0.44329896907216493,Range,Range,hierarchy
2025-11-07,1.0,1.0,0.03433393828165143,-0.040942032989150445,0.6,0.21649484536082475,0.5670103092783505,Rotation,Range,hierarchy
2025-11-10,1.0,1.0,0.03524755644393629,-0.019724348480854248,0.7,0.1958762886597938,0.5360824742268041,Rotation,Range,hierarchy
2025-11-11,1.0,1.0,0.03941448056296326,-0.02233531865991245,0.6,0.20618556701030927,0.5463917525773195,Rotation,Rotation,hierarchy
2025-11-12,1.0,1.0,0.03131728583522775,-0.023105665363286287,0.6,0.18556701030927836,0.5463917525773195,Rotation,Rotation,hierarchy
2025-11-13,1.0,1.0,0.014017362795443411,-0.0430494363682572,0.4,0.20618556701030927,0.4845360824742268,Range,Rotation,hierarchy
2025-11-14,1.0,1.0,0.008162776939490524,-0.0423264470441892,0.4,0.1958762886597938,0.422680412371134,Rotation,Rotation,hierarchy
2025-11-17,0.0,1.0,-0.012884474626561948,-0.050505066450296066,0.5,0.2268041237113402,0.3402061855670103,Defense,Defense,hierarchy
2025-11-18,0.0,1.0,-0.024649569338404564,-0.06206658131814524,0.5,0.24742268041237114,0.29896907216494845,Defense,Defense,hierarchy
2025-11-19,0.0,1.0,-0.00928212693308561,-0.05646736050489276,0.5,0.2268041237113402,0.35051546391752575,Defense,Defense,hierarchy
2025-11-20,0.0,1.0,-0.04079673626109903,-0.07880110058549505,0.4,0.2268041237113402,0.2268041237113402,Defense,Defense,hierarchy
2025-11-21,0.0,1.0,-0.04380055881004041,-0.07188060888961145,0.5,0.21649484536082475,0.27835051546391754,Defense,Defense,hierarchy
2025-11-24,0.0,1.0,-0.03650837529101392,-0.04814666896086861,0.4,0.24742268041237114,0.27835051546391754,Defense,Defense,hierarchy
2025-11-25,1.0,1.0,-0.03796613287115802,-0.042279089664883474,0.3,0.2268041237113402,0.36082474226804123,Defense,Defense,hierarchy
2025-11-26,1.0,1.0,-0.03381632598294193,-0.03381632598294193,0.3,0.24742268041237114,0.44329896907216493,Defense,Defense,hierarchy
2025-11-28,1.0,1.0,-0.010860922481067625,-0.02598341544576721,0.3,0.23711340206185566,0.4639175257731959,Range,Defense,hierarchy
2025-12-01,1.0,1.0,-0.01891656894887561,-0.029255810355796052,0.2,0.23711340206185566,0.4639175257731959,Range,Defense,hierarchy
2025-12-02,1.0,1.0,-0.015947793364612828,-0.021658108135839904,0.3,0.23711340206185566,0.5670103092783505,Range,Defense,hierarchy
2025-12-03,1.0,1.0,0.00689441688370418,-0.019268139060208633,0.4,0.25773195876288657,0.6288659793814433,Range,Defense,hierarchy
2025-12-04,1.0,1.0,-0.000545862075628345,-0.02018055790149975,0.3,0.25773195876288657,0.5670103092783505,Range,Range,hierarchy
2025-12-05,1.0,1.0,0.022577067212716573,-0.016185173667402908,0.2,0.24742268041237114,0.7010309278350515,Range,Range,hierarchy
2025-12-08,1.0,1.0,0.023846793241653064,-0.01807157594308273,0.2,0.26804123711340205,0.6391752577319587,Range,Range,hierarchy
2025-12-09,1.0,1.0,0.0029211608635297814,-0.016860805612165186,0.2,0.25773195876288657,0.5876288659793815,Range,Range,hierarchy
2025-12-10,1.0,1.0,0.009718535454328325,-0.012833849791864305,0.3,0.27835051546391754,0.6082474226804123,Range,Range,hierarchy
2025-12-11,1.0,1.0,0.007245767915661894,-0.016027315736383607,0.4,0.28865979381443296,0.6288659793814433,Range,Range,hierarchy
2025-12-12,1.0,1.0,0.008579535144586758,-0.034839245375946626,0.3,0.29896907216494845,0.6391752577319587,Range,Range,hierarchy
2025-12-15,0.0,1.0,0.0027593345948688786,-0.03968390527892707,0.3,0.32989690721649484,0.6391752577319587,Defense,Defense,hierarchy
2025-12-16,0.0,1.0,0.013401785907259933,-0.03778013863083496,0.3,0.30927835051546393,0.6804123711340206,Defense,Defense,hierarchy
2025-12-17,0.0,1.0,0.006876900783118423,-0.055616506256699005,0.3,0.26804123711340205,0.6701030927835051,Defense,Defense,hierarchy
2025-12-18,0.0,1.0,0.015403791136169742,-0.041933380795951214,0.3,0.26804123711340205,0.6597938144329897,Defense,Defense,hierarchy
2025-12-19,1.0,1.0,0.05357956823782217,-0.02944366129370901,0.4,0.25773195876288657,0.7835051546391752,Rotation,Defense,hierarchy
2025-12-22,1.0,1.0,0.050647508444653155,-0.024873674190701744,0.4,0.25773195876288657,0.7216494845360825,Rotation,Defense,hierarchy
2025-12-23,1.0,1.0,0.02924801942349764,-0.020306844246315237,0.3,0.23711340206185566,0.6804123711340206,Range,Defense,hierarchy
2025-12-24,1.0,1.0,0.025935473662349384,-0.01744014421900575,0.3,0.23711340206185566,0.6288659793814433,Range,Defense,hierarchy
2025-12-26,1.0,1.0,0.016883993209805048,-0.01750328739141338,0.3,0.23711340206185566,0.6288659793814433,Range,Defense,hierarchy
2025-12-29,1.0,1.0,0.003823208610403972,-0.022259546853023227,0.3,0.2268041237113402,0.5773195876288659,Range,Defense,hierarchy
2025-12-30,1.0,1.0,0.004870330499489484,-0.024527965321769707,0.4,0.2268041237113402,0.5773195876288659,Range,Range,hierarchy
2025-12-31,0.0,1.0,-0.011173662105230853,-0.03258976985892237,0.4,0.23711340206185566,0.4742268041237113,Defense,Defense,hierarchy
2026-01-02,0.0,1.0,-0.01549394390567782,-0.03446354350012071,0.5,0.23711340206185566,0.35051546391752575,Defense,Defense,hierarchy
2026-01-05,1.0,1.0,-0.006750475674926815,-0.02679480521120614,0.5,0.23711340206185566,0.4329896907216495,Range,Defense,hierarchy
2026-01-06,1.0,1.0,-0.0020923321801972206,-0.01824364108789378,0.4,0.28865979381443296,0.5463917525773195,Range,Defense,hierarchy
2026-01-07,1.0,1.0,0.0007861319254767185,-0.017299650660398624,0.4,0.30927835051546393,0.5670103092783505,Range,Defense,hierarchy
2026-01-08,1.0,1.0,-0.006131984585741712,-0.02288939999778994,0.3,0.28865979381443296,0.5773195876288659,Range,Defense,hierarchy
2026-01-09,1.0,1.0,-0.00032781589859143256,-0.013157458550453804,0.3,0.25773195876288657,0.6082474226804123,Range,Range,hierarchy
2026-01-12,1.0,1.0,0.003749229939935317,-0.012338175888463976,0.4,0.25773195876288657,0.5567010309278351,Range,Range,hierarchy
2026-01-13,1.0,1.0,0.021795486178691537,-0.013803097488322535,0.4,0.24742268041237114,0.5876288659793815,Range,Range,hierarchy
2026-01-14,1.0,1.0,0.015979498374269818,-0.02433853580454659,0.4,0.28865979381443296,0.5257731958762887,Range,Range,hierarchy
2026-01-15,1.0,1.0,0.017619613221600217,-0.020826196839368483,0.5,0.26804123711340205,0.5360824742268041,CrowdedTrend,Range,hierarchy
2026-01-16,1.0,1.0,0.03597164391415619,-0.02164547950135831,0.5,0.26804123711340205,0.5360824742268041,CrowdedTrend,Range,hierarchy
2026-01-20,0.0,1.0,-0.0005206642753458057,-0.04243221185797208,0.6,0.27835051546391754,0.4845360824742268,Defense,Defense,hierarchy
2026-01-21,1.0,1.0,-4.554111793675375e-05,-0.029487861514394198,0.7,0.27835051546391754,0.4948453608247423,CrowdedTrend,Defense,hierarchy
2026-01-22,1.0,1.0,0.0025027358496674257,-0.022433190577144435,0.5,0.29896907216494845,0.4948453608247423,CrowdedTrend,Defense,hierarchy
2026-01-23,1.0,1.0,0.000979670231398888,-0.019347068025718173,0.5,0.31958762886597936,0.5360824742268041,CrowdedTrend,Defense,hierarchy
2026-01-26,1.0,1.0,0.0024516694969578534,-0.015031232191652255,0.6,0.35051546391752575,0.5567010309278351,CrowdedTrend,Defense,hierarchy
2026-01-27,1.0,1.0,0.01160360094024182,-0.0003016806789402082,0.6,0.3711340206185567,0.5051546391752577,CrowdedTrend,CrowdedTrend,hierarchy
2026-01-28,1.0,1.0,0.019890858600536188,0.0,0.7,0.35051546391752575,0.5051546391752577,CrowdedTrend,CrowdedTrend,hierarchy
2026-01-29,1.0,1.0,0.016143883820999738,-0.005985436124742893,0.7,0.36082474226804123,0.4948453608247423,CrowdedTrend,CrowdedTrend,hierarchy
2026-01-30,1.0,1.0,0.012306718273730644,-0.017923064745923756,0.6,0.36082474226804123,0.5154639175257731,CrowdedTrend,CrowdedTrend,hierarchy
2026-02-02,1.0,1.0,0.02123440077560823,-0.011180940319772237,0.8,0.38144329896907214,0.5051546391752577,CrowdedTrend,CrowdedTrend,hierarchy
2026-02-03,0.0,1.0,-0.002379535025555213,-0.026373278454962956,0.6,0.3711340206185567,0.5257731958762887,Defense,Defense,hierarchy
2026-02-04,0.0,1.0,-0.028344299303451725,-0.04338135190755099,0.4,0.3917525773195876,0.5051546391752577,Defense,Defense,hierarchy
2026-02-05,0.0,1.0,-0.043251483481708375,-0.057152129175241484,0.3,0.41237113402061853,0.4742268041237113,Defense,Defense,hierarchy
2026-02-06,0.0,1.0,-0.017438338171930967,-0.03722178249168917,0.5,0.4329896907216495,0.5360824742268041,Defense,Defense,hierarchy
2026-02-09,0.0,1.0,-0.019675403825666238,-0.02984644609783127,0.3,0.41237113402061853,0.5051546391752577,Defense,Defense,hierarchy
2026-02-10,0.0,1.0,-0.02503416364987654,-0.034348583188222426,0.3,0.4020618556701031,0.5257731958762887,Defense,Defense,hierarchy
2026-02-11,0.0,1.0,-0.020965622333877998,-0.03175716321038469,0.4,0.3917525773195876,0.5154639175257731,Defense,Defense,hierarchy
2026-02-12,0.0,1.0,-0.030522778422264363,-0.05145163843596656,0.5,0.4020618556701031,0.4948453608247423,Defense,Defense,hierarchy
2026-02-13,0.0,1.0,-0.03194161421791164,-0.049430109229064434,0.5,0.41237113402061853,0.4742268041237113,Defense,Defense,hierarchy
2026-02-17,0.0,1.0,-0.03212809934023808,-0.05040842171917059,0.4,0.36082474226804123,0.4948453608247423,Defense,Defense,hierarchy
2026-02-18,0.0,1.0,-0.003733920649652722,-0.04331803071078044,0.4,0.4020618556701031,0.5257731958762887,Defense,Defense,hierarchy
2026-02-19,0.0,1.0,-0.020785587531575223,-0.046981161943960736,0.3,0.36082474226804123,0.4845360824742268,Defense,Defense,hierarchy
2026-02-20,0.0,1.0,-0.019250084777237664,-0.03854836156403352,0.3,0.32989690721649484,0.5154639175257731,Defense,Defense,hierarchy
2026-02-23,0.0,1.0,-0.03421948569358935,-0.05023428842805133,0.4,0.3917525773195876,0.5051546391752577,Defense,Defense,hierarchy
2026-02-24,0.0,1.0,-0.028123642739346644,-0.04003324362830474,0.4,0.38144329896907214,0.5360824742268041,Defense,Defense,hierarchy
2026-02-25,1.0,1.0,-0.022894943735457307,-0.026119993667880315,0.3,0.36082474226804123,0.5051546391752577,Range,Defense,hierarchy
2026-02-26,0.0,1.0,-0.03786924172866868,-0.03786924172866868,0.2,0.3711340206185567,0.4639175257731959,Defense,Defense,hierarchy
2026-02-27,0.0,1.0,-0.03517332649593341,-0.040948234921640125,0.2,0.4020618556701031,0.4742268041237113,Defense,Defense,hierarchy
2026-03-02,0.0,1.0,-0.022159070760085053,-0.03968497704606633,0.5,0.3917525773195876,0.5154639175257731,Defense,Defense,hierarchy
2026-03-03,0.0,1.0,-0.03922438152078722,-0.049966756371695564,0.2,0.3711340206185567,0.44329896907216493,Defense,Defense,hierarchy
2026-03-04,0.0,1.0,-0.009358740894901074,-0.0354851986702549,0.2,0.3711340206185567,0.5773195876288659,Defense,Defense,hierarchy
2026-03-05,0.0,1.0,0.0052176416855314045,-0.0383900585721072,0.2,0.36082474226804123,0.5360824742268041,Defense,Defense,hierarchy
2026-03-06,0.0,1.0,0.004556772448484514,-0.05285578597435492,0.0,0.3711340206185567,0.5567010309278351,Defense,Defense,hierarchy
2026-03-09,0.0,1.0,-0.0031010199165716346,-0.040207376919423776,0.0,0.35051546391752575,0.44329896907216493,Defense,Defense,hierarchy
2026-03-10,0.0,1.0,-0.010663364042516332,-0.04019154662023117,0.0,0.31958762886597936,0.3917525773195876,Defense,Defense,hierarchy
2026-03-11,0.0,1.0,-0.006180307605548774,-0.040316605983853226,0.1,0.31958762886597936,0.38144329896907214,Defense,Defense,hierarchy
2026-03-12,0.0,1.0,-0.025851850519669317,-0.056788032293810464,0.0,0.24742268041237114,0.25773195876288657,Defense,Defense,hierarchy
2026-03-13,0.0,1.0,-0.01152039893324075,-0.06237929396865616,0.1,0.25773195876288657,0.36082474226804123,Defense,Defense,hierarchy
2026-03-16,0.0,1.0,-0.002557974936508667,-0.05186164318505637,0.2,0.29896907216494845,0.30927835051546393,Defense,Defense,hierarchy
2026-03-17,0.0,1.0,0.0033424632870833193,-0.04723444673104338,0.2,0.26804123711340205,0.3711340206185567,Defense,Defense,hierarchy
2026-03-18,0.0,1.0,-0.017976754653040716,-0.06051606775368068,0.2,0.25773195876288657,0.29896907216494845,Defense,Defense,hierarchy
2026-03-19,0.0,1.0,-0.017316642913381974,-0.06348424885230342,0.1,0.25773195876288657,0.31958762886597936,Defense,Defense,hierarchy
2026-03-20,0.0,0.0,-0.04393849335390365,-0.08079309798955203,0.1,0.29896907216494845,0.2268041237113402,Defense,Defense,hierarchy
2026-03-23,0.0,0.0,-0.021024489680265823,-0.07020262782966613,0.1,0.32989690721649484,0.32989690721649484,Defense,Defense,hierarchy
2026-03-24,0.0,0.0,-0.03804845228731002,-0.07655849295551698,0.1,0.36082474226804123,0.20618556701030927,Defense,Defense,hierarchy
2026-03-25,0.0,0.0,-0.04555754226267883,-0.07048757321513388,0.2,0.36082474226804123,0.21649484536082475,Defense,Defense,hierarchy
2026-03-26,0.0,0.0,-0.056959942610624315,-0.09267215450372024,0.2,0.3711340206185567,0.18556701030927836,Defense,Defense,hierarchy
2026-03-27,0.0,0.0,-0.0724159958272329,-0.11039892353965497,0.2,0.38144329896907214,0.10309278350515463,Defense,Defense,hierarchy
2026-03-30,0.0,0.0,-0.08071628386943619,-0.1171980370429001,0.2,0.3711340206185567,0.09278350515463918,Defense,Defense,hierarchy
2026-03-31,0.0,0.0,-0.0393094231974086,-0.08731201519708731,0.3,0.35051546391752575,0.17525773195876287,Defense,Defense,hierarchy
2026-04-01,0.0,0.0,-0.042044432481404326,-0.07603767611207857,0.4,0.32989690721649484,0.13402061855670103,Defense,Defense,hierarchy
2026-04-02,0.0,0.0,-0.03804763856718829,-0.07497704606617073,0.6,0.32989690721649484,0.20618556701030927,Defense,Defense,hierarchy
2026-04-06,0.0,0.0,-0.01747920395914515,-0.06941111287003343,0.6,0.3402061855670103,0.30927835051546393,PanicRebound,Defense,hierarchy
2026-04-07,0.0,0.0,-0.03027868995762839,-0.06926864017729939,0.6,0.3402061855670103,0.28865979381443296,PanicRebound,Defense,hierarchy
2026-04-08,1.0,1.0,-0.0014645949026160787,-0.041597277188538895,0.4,0.3402061855670103,0.4639175257731959,PanicRebound,Defense,hierarchy
2026-04-09,1.0,1.0,0.005422016653690465,-0.03511318663922758,0.6,0.3711340206185567,0.4742268041237113,PanicRebound,Defense,hierarchy
2026-04-10,1.0,1.0,0.024455085116988684,-0.0337217033401932,0.6,0.3402061855670103,0.5154639175257731,PanicRebound,PanicRebound,hierarchy
2026-04-13,1.0,1.0,0.04122270152542229,-0.023728035459870234,0.5,0.28865979381443296,0.5463917525773195,PanicRebound,PanicRebound,hierarchy
2026-04-14,1.0,1.0,0.048368865610688205,-0.006001266423935503,0.5,0.25773195876288657,0.4742268041237113,CrowdedTrend,PanicRebound,hierarchy
2026-04-15,1.0,1.0,0.05788203940438175,0.0,0.5,0.20618556701030927,0.5051546391752577,Rotation,PanicRebound,hierarchy
2026-04-16,1.0,1.0,0.07800368003882241,0.0,0.4,0.24742268041237114,0.6597938144329897,Rotation,PanicRebound,hierarchy
2026-04-17,1.0,1.0,0.09557012628529216,0.0,0.5,0.20618556701030927,0.6907216494845361,Rotation,Rotation,hierarchy
2026-04-20,1.0,1.0,0.11265742780235688,-0.0031737166273745343,0.6,0.1958762886597938,0.7938144329896907,Rotation,Rotation,hierarchy
2026-04-21,1.0,1.0,0.0957992893541022,-0.006966130565190021,0.6,0.1958762886597938,0.711340206185567,Rotation,Rotation,hierarchy
2026-04-22,1.0,1.0,0.12180073987979534,0.0,0.6,0.21649484536082475,0.7938144329896907,Rotation,Rotation,hierarchy
2026-04-23,1.0,1.0,0.10819639186406738,-0.0056327352690831445,0.6,0.20618556701030927,0.7319587628865979,Rotation,Rotation,hierarchy
2026-04-24,1.0,1.0,0.15700878813732322,0.0,0.8,0.18556701030927836,0.7010309278350515,Rotation,Rotation,hierarchy
2026-04-27,1.0,1.0,0.18068513651303197,0.0,0.8,0.17525773195876287,0.7422680412371134,Rotation,Rotation,hierarchy
2026-04-28,1.0,1.0,0.17781431896511513,-0.010055780038854656,0.6,0.18556701030927836,0.6701030927835051,Rotation,Rotation,hierarchy
2026-04-29,1.0,1.0,0.14621061669080482,-0.0040045275124755975,0.7,0.1958762886597938,0.6701030927835051,Rotation,Rotation,hierarchy
2026-04-30,1.0,1.0,0.14278347071189557,0.0,0.6,0.20618556701030927,0.711340206185567,Rotation,Rotation,hierarchy
2026-05-01,1.0,1.0,0.15243087464938898,0.0,0.7,0.1958762886597938,0.7010309278350515,Rotation,Rotation,hierarchy
2026-05-04,1.0,1.0,0.14338108336607958,-0.0018829595134005617,0.7,0.21649484536082475,0.6391752577319587,Rotation,Rotation,hierarchy
2026-05-05,1.0,1.0,0.1580374287983699,0.0,0.9,0.1958762886597938,0.6804123711340206,Rotation,Rotation,hierarchy
2026-05-06,1.0,1.0,0.1479659675962095,0.0,1.0,0.18556701030927836,0.6597938144329897,Rotation,Rotation,hierarchy
2026-05-07,1.0,1.0,0.13889148656563632,-0.0011927971741210186,0.9,0.18556701030927836,0.6185567010309279,Rotation,Rotation,hierarchy
2026-05-08,1.0,1.0,0.16390944924459117,0.0,0.7,0.17525773195876287,0.6185567010309279,Rotation,Rotation,hierarchy
2026-05-11,1.0,1.0,0.15533045462137052,0.0,0.8,0.18556701030927836,0.5979381443298969,Rotation,Rotation,hierarchy
2026-05-12,1.0,1.0,0.12510252281779688,-0.008481343990568546,0.7,0.15463917525773196,0.6185567010309279,Rotation,Rotation,hierarchy
2026-05-13,1.0,1.0,0.12128965178208229,0.0,0.8,0.17525773195876287,0.5360824742268041,Rotation,Rotation,hierarchy
2026-05-14,1.0,1.0,0.12384703758411297,0.0,0.9,0.18556701030927836,0.4948453608247423,Rotation,Rotation,hierarchy
2026-05-15,1.0,1.0,0.09259476406186362,-0.015087663665267592,0.7,0.17525773195876287,0.5257731958762887,Rotation,Rotation,hierarchy
2026-05-18,1.0,1.0,0.09135879667966318,-0.01932411494885944,0.7,0.17525773195876287,0.5154639175257731,Rotation,Rotation,hierarchy
2026-05-19,1.0,1.0,0.0887742941886609,-0.025368638021246226,0.7,0.15463917525773196,0.5257731958762887,Rotation,Rotation,hierarchy
2026-05-20,1.0,1.0,0.08859714940196128,-0.009223947771760277,0.8,0.16494845360824742,0.5360824742268041,Rotation,Rotation,hierarchy
2026-05-21,1.0,1.0,0.09685063692652429,-0.0073352081646959055,0.8,0.16494845360824742,0.5773195876288659,Rotation,Rotation,hierarchy
2026-05-22,1.0,1.0,0.0808278669984166,-0.0031251825457095928,0.6,0.17525773195876287,0.5567010309278351,Rotation,Rotation,hierarchy
2026-05-26,1.0,1.0,0.09943948672115543,0.0,0.8,0.1958762886597938,0.5979381443298969,Rotation,Rotation,hierarchy
2026-05-27,1.0,1.0,0.10934538318309084,-0.0011364306208420105,0.7,0.20618556701030927,0.5670103092783505,Rotation,Rotation,hierarchy
2026-05-28,1.0,1.0,0.11190118061503362,0.0,0.6,0.20618556701030927,0.5979381443298969,Rotation,Rotation,hierarchy
2026-05-29,1.0,1.0,0.10568586442380501,0.0,0.7,0.20618556701030927,0.5463917525773195,Rotation,Rotation,hierarchy
2026-06-01,1.0,1.0,0.1017436680288919,0.0,0.8,0.23711340206185566,0.5670103092783505,Rotation,Rotation,hierarchy
2026-06-02,1.0,1.0,0.10890439491772552,0.0,0.7,0.2268041237113402,0.5773195876288659,Rotation,Rotation,hierarchy
2026-06-03,1.0,1.0,0.09184120083423908,-0.002613575835962001,0.6,0.23711340206185566,0.5773195876288659,Rotation,Rotation,hierarchy
2026-06-04,1.0,1.0,0.06444557952820484,-0.007438226095776712,0.5,0.2268041237113402,0.5670103092783505,Rotation,Rotation,hierarchy
2026-06-05,1.0,1.0,0.014561148757663789,-0.05508231824713328,0.6,0.23711340206185566,0.5257731958762887,Range,Rotation,hierarchy
2026-06-08,1.0,1.0,0.006804157376753883,-0.04032661647921287,0.4,0.24742268041237114,0.5360824742268041,Range,Rotation,hierarchy
2026-06-09,1.0,1.0,-0.0076546831250305924,-0.05136991355611342,0.3,0.24742268041237114,0.5463917525773195,Range,Range,hierarchy
2026-06-10,1.0,1.0,-0.019158850723747345,-0.07031968003821087,0.4,0.24742268041237114,0.4948453608247423,Range,Range,hierarchy
2026-06-11,1.0,1.0,0.0033715073313125288,-0.038919203208204634,0.4,0.24742268041237114,0.5463917525773195,Range,Range,hierarchy
2026-06-12,1.0,1.0,0.002154387077571762,-0.03326271669669778,0.4,0.23711340206185566,0.5567010309278351,Range,Range,hierarchy
2026-06-15,1.0,1.0,0.049469745110499286,-0.0028939851530646044,0.5,0.2268041237113402,0.6391752577319587,Rotation,Range,hierarchy
2026-06-16,1.0,1.0,0.03397087521840736,-0.021845093306535723,0.4,0.21649484536082475,0.6082474226804123,Rotation,Range,hierarchy
2026-06-17,1.0,1.0,0.029906187300037912,-0.031695644532219625,0.5,0.2268041237113402,0.4948453608247423,Range,Range,hierarchy
2026-06-18,1.0,1.0,0.0385181213028134,-0.00742480938203971,0.5,0.20618556701030927,0.4948453608247423,Rotation,Range,hierarchy
2026-06-22,1.0,1.0,0.03394309284821584,-0.00991360978024769,0.5,0.2268041237113402,0.4742268041237113,Rotation,Range,hierarchy
2026-06-23,1.0,1.0,-0.004326467629623076,-0.04251622416108658,0.5,0.20618556701030927,0.3917525773195876,Range,Range,hierarchy
2026-06-24,1.0,1.0,-0.025850026800022463,-0.046581488423388606,0.3,0.20618556701030927,0.4329896907216495,Range,Range,hierarchy
2026-06-25,1.0,1.0,-0.016836661872399294,-0.03885346131089351,0.4,0.20618556701030927,0.44329896907216493,Range,Range,hierarchy
2026-06-26,1.0,1.0,-0.03847488605603511,-0.052082341055546655,0.5,0.2268041237113402,0.44329896907216493,Defense,Defense,hierarchy
2026-06-29,1.0,1.0,-0.018193947644603803,-0.028522591733425973,0.6,0.2268041237113402,0.4639175257731959,Range,Defense,hierarchy
2026-06-30,1.0,1.0,-0.007444168734491385,-0.011993200409478155,0.7,0.20618556701030927,0.3917525773195876,Range,Defense,hierarchy
2026-07-01,1.0,1.0,-0.02706016993609628,-0.02706016993609628,0.3,0.2268041237113402,0.4536082474226804,Range,Defense,hierarchy
2026-07-02,1.0,1.0,-0.04141965668134262,-0.043924979103468376,0.2,0.23711340206185566,0.5051546391752577,Defense,Defense,hierarchy
2026-07-06,1.0,1.0,-0.02294554572550489,-0.03021309766428426,0.3,0.23711340206185566,0.5051546391752577,Range,Defense,hierarchy
2026-07-07,0.0,1.0,0.007306711497066409,-0.04817807735808821,0.2,0.24742268041237114,0.5773195876288659,Defense,Defense,hierarchy
2026-07-08,0.0,1.0,-0.005371308099462846,-0.045481317896956974,0.3,0.23711340206185566,0.5154639175257731,Defense,Defense,hierarchy
2026-07-09,1.0,1.0,0.022953082592344742,-0.02959592883238371,0.5,0.2268041237113402,0.5051546391752577,Range,Defense,hierarchy
2026-07-10,1.0,1.0,0.0470222693010951,-0.026604001669039312,0.4,0.2268041237113402,0.6804123711340206,Rotation,Defense,hierarchy
2026-07-13,0.0,1.0,-0.006409048331008971,-0.045078816484847906,0.1,0.26804123711340205,0.5876288659793815,Defense,Defense,hierarchy
2026-07-14,1.0,1.0,-0.0011893741837797345,-0.03441252906395609,0.4,0.24742268041237114,0.5051546391752577,Range,Defense,hierarchy
2026-07-15,1.0,1.0,-0.034233875416788906,-0.03702878824266542,0.3,0.23711340206185566,0.44329896907216493,Defense,Defense,hierarchy
2026-07-16,0.0,1.0,-0.03170808318142471,-0.05286051045229079,0.3,0.26804123711340205,0.5567010309278351,Defense,Defense,hierarchy
2026-07-17,0.0,1.0,-0.036558752416119944,-0.06709564372721677,0.2,0.26804123711340205,0.5773195876288659,Defense,Defense,hierarchy
2026-07-20,0.0,1.0,-0.05913044653658739,-0.06611622362441805,0.3,0.25773195876288657,0.5567010309278351,Defense,Defense,hierarchy
2026-07-21,0.0,1.0,-0.03927095331662034,-0.04879524618998876,0.2,0.25773195876288657,0.5360824742268041,Defense,Defense,hierarchy
2026-07-22,0.0,1.0,-0.011630351012400952,-0.053652096562772145,0.2,0.2268041237113402,0.5463917525773195,Defense,Defense,hierarchy
2026-07-23,0.0,1.0,-0.026258759956094613,-0.07161707625657587,0.1,0.26804123711340205,0.4020618556701031,Defense,Defense,hierarchy
2026-07-24,0.0,1.0,-0.04487841648287216,-0.08198819597525431,0.0,0.26804123711340205,0.4948453608247423,Defense,Defense,hierarchy
2026-07-27,0.0,1.0,-0.034535469625771364,-0.08481912257375512,0.1,0.27835051546391754,0.5257731958762887,Defense,Defense,hierarchy
2026-07-28,0.0,1.0,-0.06710584465804892,-0.09371440378136664,0.3,0.31958762886597936,0.5876288659793815,Defense,Defense,hierarchy
2026-07-29,0.0,1.0,-0.10139869636067345,-0.11217580188343834,0.4,0.38144329896907214,0.5773195876288659,Defense,Defense,hierarchy
2026-07-30,0.0,1.0,-0.05739343877987235,-0.08290053250936835,0.0,0.3402061855670103,0.5051546391752577,Defense,Defense,hierarchy
2026-07-31,0.0,1.0,-0.03453550378894188,-0.07694351161015334,0.1,0.30927835051546393,0.5051546391752577,Defense,Defense,hierarchy
2026-08-03,0.0,1.0,-0.03147394925430946,-0.060736121415892685,0.2,0.30927835051546393,0.5773195876288659,Defense,Defense,hierarchy
2026-08-04,1.0,1.0,0.020326177353650277,-0.02883117614937636,0.1,0.29896907216494845,0.6082474226804123,PanicRebound,Defense,hierarchy
2026-08-05,1.0,1.0,0.008236815472843606,-0.0376191236470923,0.1,0.30927835051546393,0.5567010309278351,PanicRebound,Defense,hierarchy
2026-08-06,1.0,1.0,-0.011931755336799021,-0.04117455278738946,0.2,0.36082474226804123,0.5567010309278351,PanicRebound,Defense,hierarchy
2026-08-07,1.0,1.0,-0.006946837397141303,-0.033366025392472465,0.2,0.3711340206185567,0.5773195876288659,PanicRebound,Defense,hierarchy
