,raw_label
2025-01-02,Range
2025-01-03,Range
2025-01-06,Rotation
2025-01-07,Rotation
2025-01-08,Rotation
2025-01-10,Defense
2025-01-13,Defense
2025-01-14,Defense
2025-01-15,Rotation
2025-01-16,Defense
2025-01-17,Rotation
2025-01-21,Rotation
2025-01-22,Rotation
2025-01-23,Rotation
2025-01-24,Rotation
2025-01-27,Defense
2025-01-28,Rotation
2025-01-29,Rotation
2025-01-30,Rotation
2025-01-31,Rotation
2025-02-03,Defense
2025-02-04,Rotation
2025-02-05,Rotation
2025-02-06,Range
2025-02-07,Range
2025-02-10,Rotation
2025-02-11,Rotation
2025-02-12,Rotation
2025-02-13,Rotation
2025-02-14,Rotation
2025-02-18,Rotation
2025-02-19,Rotation
2025-02-20,Rotation
2025-02-21,Rotation
2025-02-24,Defense
2025-02-25,Defense
2025-02-26,Defense
2025-02-27,Defense
2025-02-28,Defense
2025-03-03,Defense
2025-03-04,Defense
2025-03-05,Defense
2025-03-06,Defense
2025-03-07,Defense
2025-03-10,Defense
2025-03-11,Defense
2025-03-12,Defense
2025-03-13,Defense
2025-03-14,Defense
2025-03-17,Defense
2025-03-18,Defense
2025-03-19,Defense
2025-03-20,Defense
2025-03-21,Defense
2025-03-24,Defense
2025-03-25,PanicRebound
2025-03-26,Defense
2025-03-27,Defense
2025-03-28,Defense
2025-03-31,Defense
2025-04-01,Defense
2025-04-02,Defense
2025-04-03,Defense
2025-04-04,Defense
2025-04-07,Defense
2025-04-08,Defense
2025-04-09,Defense
2025-04-10,Defense
2025-04-11,PanicRebound
2025-04-14,PanicRebound
2025-04-15,PanicRebound
2025-04-16,Defense
2025-04-17,Defense
2025-04-21,Defense
2025-04-22,Defense
2025-04-23,Defense
2025-04-24,PanicRebound
2025-04-25,PanicRebound
2025-04-28,PanicRebound
2025-04-29,PanicRebound
2025-04-30,PanicRebound
2025-05-01,Defense
2025-05-02,Defense
2025-05-05,Defense
2025-05-06,Defense
2025-05-07,Defense
2025-05-08,Defense
2025-05-09,Defense
2025-05-12,PanicRebound
2025-05-13,PanicRebound
2025-05-14,PanicRebound
2025-05-15,PanicRebound
2025-05-16,PanicRebound
2025-05-19,Rotation
2025-05-20,Rotation
2025-05-21,Rotation
2025-05-22,Rotation
2025-05-23,Rotation
2025-05-27,Rotation
2025-05-28,Rotation
2025-05-29,Rotation
2025-05-30,Rotation
2025-06-02,Rotation
2025-06-03,Rotation
2025-06-04,Rotation
2025-06-05,Rotation
2025-06-06,Rotation
2025-06-09,Rotation
2025-06-10,Rotation
2025-06-11,Rotation
2025-06-12,Rotation
2025-06-13,Rotation
2025-06-16,Rotation
2025-06-17,Range
2025-06-18,Rotation
2025-06-20,Rotation
2025-06-23,Rotation
2025-06-24,Rotation
2025-06-25,Rotation
2025-06-26,Rotation
2025-06-27,Rotation
2025-06-30,Rotation
2025-07-01,Rotation
2025-07-02,Rotation
2025-07-03,Rotation
2025-07-07,CrowdedTrend
2025-07-08,Rotation
2025-07-09,Rotation
2025-07-10,Rotation
2025-07-11,CrowdedTrend
2025-07-14,Rotation
2025-07-15,Rotation
2025-07-16,Rotation
2025-07-17,Rotation
2025-07-18,Rotation
2025-07-21,Rotation
2025-07-22,Rotation
2025-07-23,Rotation
2025-07-24,Rotation
2025-07-25,Rotation
2025-07-28,Rotation
2025-07-29,Rotation
2025-07-30,Rotation
2025-07-31,Range
2025-08-01,Rotation
2025-08-04,Range
2025-08-05,Range
2025-08-06,Range
2025-08-07,Range
2025-08-08,Rotation
2025-08-11,Rotation
2025-08-12,Rotation
2025-08-13,Rotation
2025-08-14,Rotation
2025-08-15,Rotation
2025-08-18,Rotation
2025-08-19,Rotation
2025-08-20,Rotation
2025-08-21,Rotation
2025-08-22,Rotation
2025-08-25,Rotation
2025-08-26,Rotation
2025-08-27,Range
2025-08-28,Rotation
2025-08-29,Rotation
2025-09-02,Rotation
2025-09-03,Rotation
2025-09-04,Rotation
2025-09-05,Rotation
2025-09-08,Range
2025-09-09,Range
2025-09-10,Range
2025-09-11,Range
2025-09-12,Range
2025-09-15,Range
2025-09-16,Range
2025-09-17,Rotation
2025-09-18,Rotation
2025-09-19,Rotation
2025-09-22,Rotation
2025-09-23,Rotation
2025-09-24,Rotation
2025-09-25,Rotation
2025-09-26,Rotation
2025-09-29,Rotation
2025-09-30,Rotation
2025-10-01,Rotation
2025-10-02,Rotation
2025-10-03,Rotation
2025-10-06,Rotation
2025-10-07,Rotation
2025-10-08,Rotation
2025-10-09,Rotation
2025-10-10,Range
2025-10-13,Range
2025-10-14,Range
2025-10-15,Range
2025-10-16,Rotation
2025-10-17,Rotation
2025-10-20,Rotation
2025-10-21,Rotation
2025-10-22,Rotation
2025-10-23,Rotation
2025-10-24,Rotation
2025-10-27,Rotation
2025-10-28,Rotation
2025-10-29,Rotation
2025-10-30,Rotation
2025-10-31,Rotation
2025-11-03,Rotation
2025-11-04,Range
2025-11-05,Range
2025-11-06,Range
2025-11-07,Rotation
2025-11-10,Rotation
2025-11-11,Rotation
2025-11-12,Rotation
2025-11-13,Range
2025-11-14,Rotation
2025-11-17,Defense
2025-11-18,Defense
2025-11-19,Defense
2025-11-20,Defense
2025-11-21,Defense
2025-11-24,Defense
2025-11-25,Defense
2025-11-26,Defense
2025-11-28,Range
2025-12-01,Range
2025-12-02,Range
2025-12-03,Range
2025-12-04,Range
2025-12-05,Range
2025-12-08,Range
2025-12-09,Range
2025-12-10,Range
2025-12-11,Range
2025-12-12,Range
2025-12-15,Defense
2025-12-16,Defense
2025-12-17,Defense
2025-12-18,Defense
2025-12-19,Rotation
2025-12-22,Rotation
2025-12-23,Range
2025-12-24,Range
2025-12-26,Range
2025-12-29,Range
2025-12-30,Range
2025-12-31,Defense
2026-01-02,Defense
2026-01-05,Range
2026-01-06,Range
2026-01-07,Range
2026-01-08,Range
2026-01-09,Range
2026-01-12,Range
2026-01-13,Range
2026-01-14,Range
2026-01-15,CrowdedTrend
2026-01-16,CrowdedTrend
2026-01-20,Defense
2026-01-21,CrowdedTrend
2026-01-22,CrowdedTrend
2026-01-23,CrowdedTrend
2026-01-26,CrowdedTrend
2026-01-27,CrowdedTrend
2026-01-28,CrowdedTrend
2026-01-29,CrowdedTrend
2026-01-30,CrowdedTrend
2026-02-02,CrowdedTrend
2026-02-03,Defense
2026-02-04,Defense
2026-02-05,Defense
2026-02-06,Defense
2026-02-09,Defense
2026-02-10,Defense
2026-02-11,Defense
2026-02-12,Defense
2026-02-13,Defense
2026-02-17,Defense
2026-02-18,Defense
2026-02-19,Defense
2026-02-20,Defense
2026-02-23,Defense
2026-02-24,Defense
2026-02-25,Range
2026-02-26,Defense
2026-02-27,Defense
2026-03-02,Defense
2026-03-03,Defense
2026-03-04,Defense
2026-03-05,Defense
2026-03-06,Defense
2026-03-09,Defense
2026-03-10,Defense
2026-03-11,Defense
2026-03-12,Defense
2026-03-13,Defense
2026-03-16,Defense
2026-03-17,Defense
2026-03-18,Defense
2026-03-19,Defense
2026-03-20,Defense
2026-03-23,Defense
2026-03-24,Defense
2026-03-25,Defense
2026-03-26,Defense
2026-03-27,Defense
2026-03-30,Defense
2026-03-31,Defense
2026-04-01,Defense
2026-04-02,Defense
2026-04-06,PanicRebound
2026-04-07,PanicRebound
2026-04-08,PanicRebound
2026-04-09,PanicRebound
2026-04-10,PanicRebound
2026-04-13,PanicRebound
2026-04-14,CrowdedTrend
2026-04-15,Rotation
2026-04-16,Rotation
2026-04-17,Rotation
2026-04-20,Rotation
2026-04-21,Rotation
2026-04-22,Rotation
2026-04-23,Rotation
2026-04-24,Rotation
2026-04-27,Rotation
2026-04-28,Rotation
2026-04-29,Rotation
2026-04-30,Rotation
2026-05-01,Rotation
2026-05-04,Rotation
2026-05-05,Rotation
2026-05-06,Rotation
2026-05-07,Rotation
2026-05-08,Rotation
2026-05-11,Rotation
2026-05-12,Rotation
2026-05-13,Rotation
2026-05-14,Rotation
2026-05-15,Rotation
2026-05-18,Rotation
2026-05-19,Rotation
2026-05-20,Rotation
2026-05-21,Rotation
2026-05-22,Rotation
2026-05-26,Rotation
2026-05-27,Rotation
2026-05-28,Rotation
2026-05-29,Rotation
2026-06-01,Rotation
2026-06-02,Rotation
2026-06-03,Rotation
2026-06-04,Rotation
2026-06-05,Range
2026-06-08,Range
2026-06-09,Range
2026-06-10,Range
2026-06-11,Range
2026-06-12,Range
2026-06-15,Rotation
2026-06-16,Rotation
2026-06-17,Range
2026-06-18,Rotation
2026-06-22,Rotation
2026-06-23,Range
2026-06-24,Range
2026-06-25,Range
2026-06-26,Defense
2026-06-29,Range
2026-06-30,Range
2026-07-01,Range
2026-07-02,Defense
2026-07-06,Range
2026-07-07,Defense
2026-07-08,Defense
2026-07-09,Range
2026-07-10,Rotation
2026-07-13,Defense
2026-07-14,Range
2026-07-15,Defense
2026-07-16,Defense
2026-07-17,Defense
2026-07-20,Defense
2026-07-21,Defense
2026-07-22,Defense
2026-07-23,Defense
2026-07-24,Defense
2026-07-27,Defense
2026-07-28,Defense
2026-07-29,Defense
2026-07-30,Defense
2026-07-31,Defense
2026-08-03,Defense
2026-08-04,PanicRebound
2026-08-05,PanicRebound
2026-08-06,PanicRebound
2026-08-07,PanicRebound
