,cash
2025-01-02,50000.0
2025-01-03,50000.0
2025-01-06,45038.131561
2025-01-07,47488.3406418
2025-01-08,37680.1032953
2025-01-10,37680.1032953
2025-01-13,50584.0580674
2025-01-14,50584.0580674
2025-01-15,50584.0580674
2025-01-16,36097.5082656
2025-01-17,50931.1709705
2025-01-21,36284.6271975
2025-01-22,38675.8649975
2025-01-23,38411.43810949999
2025-01-24,40864.76618949999
2025-01-27,38447.47906849999
2025-01-28,50472.724581999995
2025-01-29,35959.955890799996
2025-01-30,37974.54273079999
2025-01-31,42564.78803879999
2025-02-03,45002.75182759999
2025-02-04,49776.69659559999
2025-02-05,49776.69659559999
2025-02-06,35106.63878399999
2025-02-07,37612.10328679999
2025-02-10,35182.93162049999
2025-02-11,35182.93162049999
2025-02-12,35182.93162049999
2025-02-13,37513.10475349999
2025-02-14,34851.99324849999
2025-02-18,37072.92116849999
2025-02-19,37072.92116849999
2025-02-20,37072.92116849999
2025-02-21,37072.92116849999
2025-02-24,37072.92116849999
2025-02-25,49080.95116349999
2025-02-26,49080.95116349999
2025-02-27,49080.95116349999
2025-02-28,49080.95116349999
2025-03-03,49080.95116349999
2025-03-04,49080.95116349999
2025-03-05,49080.95116349999
2025-03-06,49080.95116349999
2025-03-07,49080.95116349999
2025-03-10,49080.95116349999
2025-03-11,49080.95116349999
2025-03-12,49080.95116349999
2025-03-13,49080.95116349999
2025-03-14,49080.95116349999
2025-03-17,49080.95116349999
2025-03-18,49080.95116349999
2025-03-19,49080.95116349999
2025-03-20,49080.95116349999
2025-03-21,49080.95116349999
2025-03-24,49080.95116349999
2025-03-25,49080.95116349999
2025-03-26,49080.95116349999
2025-03-27,49080.95116349999
2025-03-28,49080.95116349999
2025-03-31,49080.95116349999
2025-04-01,49080.95116349999
2025-04-02,49080.95116349999
2025-04-03,49080.95116349999
2025-04-04,49080.95116349999
2025-04-07,49080.95116349999
2025-04-08,49080.95116349999
2025-04-09,49080.95116349999
2025-04-10,49080.95116349999
2025-04-11,49080.95116349999
2025-04-14,49080.95116349999
2025-04-15,49080.95116349999
2025-04-16,49080.95116349999
2025-04-17,49080.95116349999
2025-04-21,49080.95116349999
2025-04-22,49080.95116349999
2025-04-23,49080.95116349999
2025-04-24,49080.95116349999
2025-04-25,49080.95116349999
2025-04-28,49080.95116349999
2025-04-29,49080.95116349999
2025-04-30,49080.95116349999
2025-05-01,49080.95116349999
2025-05-02,44149.824907499984
2025-05-05,44149.824907499984
2025-05-06,44149.824907499984
2025-05-07,34360.986441899986
2025-05-08,36910.70265169998
2025-05-09,36910.70265169998
2025-05-12,36910.70265169998
2025-05-13,36910.70265169998
2025-05-14,36910.70265169998
2025-05-15,36910.70265169998
2025-05-16,36910.70265169998
2025-05-19,36910.70265169998
2025-05-20,36910.70265169998
2025-05-21,36910.70265169998
2025-05-22,36910.70265169998
2025-05-23,36910.70265169998
2025-05-27,36910.70265169998
2025-05-28,36910.70265169998
2025-05-29,36910.70265169998
2025-05-30,36910.70265169998
2025-06-02,36910.70265169998
2025-06-03,36910.70265169998
2025-06-04,36910.70265169998
2025-06-05,36910.70265169998
2025-06-06,36910.70265169998
2025-06-09,36910.70265169998
2025-06-10,36910.70265169998
2025-06-11,36910.70265169998
2025-06-12,39670.344892699984
2025-06-13,42649.676220699985
2025-06-16,41021.910384699986
2025-06-17,43266.381239699986
2025-06-18,40511.26543509999
2025-06-20,40511.26543509999
2025-06-23,40511.26543509999
2025-06-24,42862.04133589999
2025-06-25,40368.76175749999
2025-06-26,40368.76175749999
2025-06-27,42761.52310749999
2025-06-30,42761.52310749999
2025-07-01,42761.52310749999
2025-07-02,42761.52310749999
2025-07-03,40253.76668909999
2025-07-07,42423.32102669999
2025-07-08,45100.31208669999
2025-07-09,40355.804771699986
2025-07-10,42453.16377169998
2025-07-11,37976.38740889999
2025-07-14,37976.38740889999
2025-07-15,40463.64838339999
2025-07-16,37939.40919739998
2025-07-17,40393.169241399984
2025-07-18,38042.91211439999
2025-07-21,38042.91211439999
2025-07-22,39225.06326479998
2025-07-23,39225.06326479998
2025-07-24,41641.66841359998
2025-07-25,39038.19196899998
2025-07-28,39038.19196899998
2025-07-29,39038.19196899998
2025-07-30,39038.19196899998
2025-07-31,39038.19196899998
2025-08-01,41443.91542199998
2025-08-04,41443.91542199998
2025-08-05,41443.91542199998
2025-08-06,41443.91542199998
2025-08-07,41443.91542199998
2025-08-08,41443.91542199998
2025-08-11,41443.91542199998
2025-08-12,41443.91542199998
2025-08-13,41443.91542199998
2025-08-14,41443.91542199998
2025-08-15,44027.65945279998
2025-08-18,39124.094452799975
2025-08-19,39124.094452799975
2025-08-20,39124.094452799975
2025-08-21,41444.93734429997
2025-08-22,38887.417811499974
2025-08-25,41287.94682149997
2025-08-26,39015.06538319997
2025-08-27,36786.08273579997
2025-08-28,39293.42563529997
2025-08-29,36794.26657169997
2025-09-02,39061.89446669997
2025-09-03,39061.89446669997
2025-09-04,41420.72098669997
2025-09-05,43922.06573749997
2025-09-08,43922.06573749997
2025-09-09,39014.81264219997
2025-09-10,39014.81264219997
2025-09-11,39014.81264219997
2025-09-12,39014.81264219997
2025-09-15,39014.81264219997
2025-09-16,39014.81264219997
2025-09-17,39014.81264219997
2025-09-18,39014.81264219997
2025-09-19,41603.27125819997
2025-09-22,41603.27125819997
2025-09-23,41603.27125819997
2025-09-24,36652.80321219997
2025-09-25,39055.84446019997
2025-09-26,41465.84362019997
2025-09-29,36490.13801059997
2025-09-30,36490.13801059997
2025-10-01,36490.13801059997
2025-10-02,36490.13801059997
2025-10-03,36490.13801059997
2025-10-06,36490.13801059997
2025-10-07,36490.13801059997
2025-10-08,36490.13801059997
2025-10-09,36490.13801059997
2025-10-10,36490.13801059997
2025-10-13,39150.45346839997
2025-10-14,41511.71323839996
2025-10-15,38963.61319499997
2025-10-16,38963.61319499997
2025-10-17,38963.61319499997
2025-10-20,38963.61319499997
2025-10-21,38963.61319499997
2025-10-22,38963.61319499997
2025-10-23,38963.61319499997
2025-10-24,38963.61319499997
2025-10-27,41474.02122059997
2025-10-28,43995.05005899997
2025-10-29,39006.45254699997
2025-10-30,41420.06663299997
2025-10-31,41420.06663299997
2025-11-03,38892.49518259997
2025-11-04,38892.49518259997
2025-11-05,38892.49518259997
2025-11-06,41123.493072599966
2025-11-07,45658.98979659997
2025-11-10,40610.99143409996
2025-11-11,40610.99143409996
2025-11-12,40610.99143409996
2025-11-13,40610.99143409996
2025-11-14,40610.99143409996
2025-11-17,38298.65530369996
2025-11-18,52675.180220799964
2025-11-19,52675.180220799964
2025-11-20,52675.180220799964
2025-11-21,52675.180220799964
2025-11-24,52675.180220799964
2025-11-25,52675.180220799964
2025-11-26,37945.09948419996
2025-11-28,40333.521133799964
2025-12-01,38013.83285899996
2025-12-02,38013.83285899996
2025-12-03,38013.83285899996
2025-12-04,38013.83285899996
2025-12-05,38013.83285899996
2025-12-08,38013.83285899996
2025-12-09,38013.83285899996
2025-12-10,38013.83285899996
2025-12-11,38013.83285899996
2025-12-12,38013.83285899996
2025-12-15,38013.83285899996
2025-12-16,54297.02647149996
2025-12-17,54297.02647149996
2025-12-18,54297.02647149996
2025-12-19,54297.02647149996
2025-12-22,49584.355701899956
2025-12-23,51906.81215329996
2025-12-24,51906.81215329996
2025-12-26,47139.27593529996
2025-12-29,42470.064194999955
2025-12-30,42470.064194999955
2025-12-31,42470.064194999955
2026-01-02,54261.90476089995
2026-01-05,54261.90476089995
2026-01-06,49358.758874899955
2026-01-07,46701.43255139996
2026-01-08,42186.435601399964
2026-01-09,42186.435601399964
2026-01-12,39761.61993939996
2026-01-13,39761.61993939996
2026-01-14,41889.61175039996
2026-01-15,39781.92000539997
2026-01-16,39781.92000539997
2026-01-20,39781.92000539997
2026-01-21,53544.82901839996
2026-01-22,53544.82901839996
2026-01-23,38695.54159619996
2026-01-26,38695.54159619996
2026-01-27,38695.54159619996
2026-01-28,38695.54159619996
2026-01-29,38695.54159619996
2026-01-30,38695.54159619996
2026-02-02,38695.54159619996
2026-02-03,38695.54159619996
2026-02-04,54130.00983699996
2026-02-05,54130.00983699996
2026-02-06,54130.00983699996
2026-02-09,54130.00983699996
2026-02-10,54130.00983699996
2026-02-11,54130.00983699996
2026-02-12,54130.00983699996
2026-02-13,54130.00983699996
2026-02-17,54130.00983699996
2026-02-18,54130.00983699996
2026-02-19,54130.00983699996
2026-02-20,54130.00983699996
2026-02-23,54130.00983699996
2026-02-24,54130.00983699996
2026-02-25,54130.00983699996
2026-02-26,54130.00983699996
2026-02-27,54130.00983699996
2026-03-02,54130.00983699996
2026-03-03,54130.00983699996
2026-03-04,54130.00983699996
2026-03-05,54130.00983699996
2026-03-06,54130.00983699996
2026-03-09,54130.00983699996
2026-03-10,54130.00983699996
2026-03-11,54130.00983699996
2026-03-12,54130.00983699996
2026-03-13,54130.00983699996
2026-03-16,54130.00983699996
2026-03-17,54130.00983699996
2026-03-18,54130.00983699996
2026-03-19,54130.00983699996
2026-03-20,54130.00983699996
2026-03-23,54130.00983699996
2026-03-24,54130.00983699996
2026-03-25,54130.00983699996
2026-03-26,54130.00983699996
2026-03-27,54130.00983699996
2026-03-30,54130.00983699996
2026-03-31,54130.00983699996
2026-04-01,54130.00983699996
2026-04-02,54130.00983699996
2026-04-06,54130.00983699996
2026-04-07,54130.00983699996
2026-04-08,54130.00983699996
2026-04-09,49171.36330579996
2026-04-10,40614.93236699996
2026-04-13,42374.160841999954
2026-04-14,42374.160841999954
2026-04-15,42374.160841999954
2026-04-16,44976.803205199954
2026-04-17,42857.79947549995
2026-04-20,42857.79947549995
2026-04-21,42857.79947549995
2026-04-22,42857.79947549995
2026-04-23,42857.79947549995
2026-04-24,41655.11610229996
2026-04-27,41655.11610229996
2026-04-28,41655.11610229996
2026-04-29,41655.11610229996
2026-04-30,41655.11610229996
2026-05-01,46577.52773229996
2026-05-04,39146.06000469995
2026-05-05,41538.77835589995
2026-05-06,39091.820557499945
2026-05-07,41563.827111499944
2026-05-08,44071.597932999946
2026-05-11,42389.69334949995
2026-05-12,40393.245054499945
2026-05-13,40393.245054499945
2026-05-14,44727.61170849994
2026-05-15,39735.95130849994
2026-05-18,41829.667403499945
2026-05-19,39434.40131549994
2026-05-20,39434.40131549994
2026-05-21,41794.67241549994
2026-05-22,41794.67241549994
2026-05-26,39070.20921149994
2026-05-27,39070.20921149994
2026-05-28,44210.54803549994
2026-05-29,39226.56089449994
2026-06-01,39226.56089449994
2026-06-02,39226.56089449994
2026-06-03,39226.56089449994
2026-06-04,39226.56089449994
2026-06-05,39226.56089449994
2026-06-08,39226.56089449994
2026-06-09,39226.56089449994
2026-06-10,39226.56089449994
2026-06-11,39226.56089449994
2026-06-12,39226.56089449994
2026-06-15,39226.56089449994
2026-06-16,39226.56089449994
2026-06-17,39226.56089449994
2026-06-18,39226.56089449994
2026-06-22,41667.99561649994
2026-06-23,44123.56309649994
2026-06-24,39233.431104499934
2026-06-25,39233.431104499934
2026-06-26,39233.431104499934
2026-06-29,41559.684416499935
2026-06-30,43914.489160499936
2026-07-01,38992.99479949994
2026-07-02,38992.99479949994
2026-07-06,48236.89356999994
2026-07-07,41995.493928999946
2026-07-08,55920.297359999946
2026-07-09,55920.297359999946
2026-07-10,46362.00396249995
2026-07-13,46362.00396249995
2026-07-14,55772.235814499945
2026-07-15,55772.235814499945
2026-07-16,41083.09725699995
2026-07-17,56120.55280299995
2026-07-20,56120.55280299995
2026-07-21,56120.55280299995
2026-07-22,56120.55280299995
2026-07-23,56120.55280299995
2026-07-24,56120.55280299995
2026-07-27,56120.55280299995
2026-07-28,56120.55280299995
2026-07-29,56120.55280299995
2026-07-30,56120.55280299995
2026-07-31,56120.55280299995
2026-08-03,56120.55280299995
2026-08-04,56120.55280299995
2026-08-05,41272.31452899995
2026-08-06,45584.37531739996
2026-08-07,45584.37531739996
