date,side,symbol,shares,price_open,notional_usd,cost_usd,cash_after
2025-01-06,BUY,CSCO,87.0,56.99,4958.13,3.74,45038.13
2025-01-07,SELL,CSCO,43.0,57.048,2453.06,2.85,47488.34
2025-01-08,BUY,ARM,35.0,142.34,4981.9,3.59,42502.85
2025-01-08,BUY,CEG,19.0,253.645,4819.26,3.49,37680.1
2025-01-13,SELL,CSCO,44.0,56.999,2507.96,2.87,40185.18
2025-01-13,SELL,ARM,35.0,137.0,4795.0,3.53,44976.65
2025-01-13,SELL,CEG,19.0,295.323,5611.14,3.73,50584.06
2025-01-16,BUY,PCAR,47.0,106.046,4984.16,3.63,45596.27
2025-01-16,BUY,AMGN,19.0,256.711,4877.51,3.51,40715.25
2025-01-16,BUY,LIN,11.0,419.485,4614.34,3.41,36097.51
2025-01-17,SELL,PCAR,47.0,108.003,5076.14,3.65,41170.0
2025-01-17,SELL,AMGN,19.0,264.396,5023.52,3.55,46189.97
2025-01-17,SELL,LIN,11.0,431.332,4744.65,3.45,50931.17
2025-01-21,BUY,PDD,46.0,108.065,4970.99,3.62,45956.56
2025-01-21,BUY,SNPS,9.0,532.0,4788.0,3.45,41165.11
2025-01-21,BUY,ABNB,36.0,135.47,4876.92,3.56,36284.63
2025-01-22,SELL,ABNB,18.0,133.0,2394.0,2.76,38675.86
2025-01-23,SELL,PDD,23.0,102.22,2351.06,2.76,41024.16
2025-01-23,SELL,ABNB,18.0,132.4,2383.2,2.76,43404.6
2025-01-23,BUY,INTC,230.0,21.69,4988.7,4.46,38411.44
2025-01-24,SELL,INTC,115.0,21.36,2456.4,3.07,40864.77
2025-01-27,SELL,INTC,115.0,20.81,2393.15,3.05,43254.86
2025-01-27,BUY,VRTX,11.0,436.72,4803.92,3.46,38447.48
2025-01-28,SELL,PDD,23.0,111.325,2560.47,2.83,41005.13
2025-01-28,SELL,SNPS,9.0,510.2,4591.8,3.39,45593.53
2025-01-28,SELL,VRTX,11.0,443.88,4882.68,3.49,50472.72
2025-01-29,BUY,ZS,24.0,203.87,4892.88,3.53,45576.31
2025-01-29,BUY,CHTR,13.0,365.64,4753.32,3.45,40819.54
2025-01-29,BUY,MSFT,11.0,441.464,4856.1,3.48,35959.96
2025-01-30,SELL,CHTR,6.0,336.2,2017.2,2.61,37974.54
2025-01-31,SELL,CHTR,7.0,360.75,2525.25,2.77,40497.02
2025-01-31,SELL,MSFT,5.0,414.078,2070.39,2.63,42564.79
2025-02-03,SELL,MSFT,6.0,406.784,2440.7,2.74,45002.75
2025-02-04,SELL,ZS,24.0,199.06,4777.44,3.5,49776.7
2025-02-06,BUY,IDXX,10.0,468.67,4686.7,3.43,45086.57
2025-02-06,BUY,WDAY,18.0,276.99,4985.82,3.54,40097.21
2025-02-06,BUY,XEL,78.0,63.934,4986.85,3.72,35106.64
2025-02-07,SELL,XEL,39.0,64.316,2508.32,2.86,37612.1
2025-02-10,SELL,XEL,39.0,63.839,2489.72,2.85,40098.97
2025-02-10,BUY,PANW,25.0,196.5,4912.5,3.54,35182.93
2025-02-13,SELL,WDAY,9.0,259.21,2332.89,2.72,37513.1
2025-02-14,SELL,WDAY,9.0,259.95,2339.55,2.72,39849.94
2025-02-14,BUY,INTC,205.0,24.36,4993.8,4.14,34851.99
2025-02-18,SELL,IDXX,5.0,444.72,2223.6,2.67,37072.92
2025-02-25,SELL,IDXX,5.0,464.61,2323.05,2.7,39393.27
2025-02-25,SELL,PANW,25.0,189.29,4732.25,3.48,44122.03
2025-02-25,SELL,INTC,205.0,24.21,4963.05,4.13,49080.95
2025-05-02,BUY,DDOG,46.0,107.12,4927.52,3.61,44149.82
2025-05-07,BUY,APP,16.0,300.55,4808.8,3.48,39337.54
2025-05-07,BUY,MCHP,108.0,46.044,4972.75,3.81,34360.99
2025-05-08,SELL,MCHP,54.0,47.271,2552.63,2.92,36910.7
2025-06-12,SELL,DDOG,23.0,120.11,2762.53,2.89,39670.34
2025-06-13,SELL,APP,8.0,372.78,2982.24,2.91,42649.68
2025-06-16,SELL,APP,8.0,367.79,2942.32,2.9,45589.1
2025-06-16,BUY,VRTX,10.0,456.38,4563.8,3.39,41021.91
2025-06-17,SELL,VRTX,5.0,449.43,2247.15,2.68,43266.38
2025-06-18,SELL,VRTX,5.0,443.41,2217.05,2.67,45480.76
2025-06-18,BUY,BKR,128.0,38.794,4965.63,3.86,40511.27
2025-06-24,SELL,BKR,64.0,36.776,2353.66,2.89,42862.04
2025-06-25,SELL,BKR,64.0,37.227,2382.53,2.9,45241.67
2025-06-25,BUY,TTWO,20.0,243.47,4869.4,3.51,40368.76
2025-06-27,SELL,TTWO,10.0,239.55,2395.5,2.74,42761.52
2025-07-03,SELL,TTWO,10.0,240.16,2401.6,2.74,45160.38
2025-07-03,BUY,REGN,9.0,544.792,4903.13,3.49,40253.77
2025-07-07,SELL,REGN,4.0,543.052,2172.21,2.65,42423.32
2025-07-08,SELL,REGN,5.0,535.96,2679.8,2.81,45100.31
2025-07-09,BUY,ADSK,15.0,316.07,4741.05,3.46,40355.8
2025-07-10,SELL,ADSK,7.0,300.0,2100.0,2.64,42453.16
2025-07-11,SELL,DDOG,23.0,137.49,3162.27,3.01,45612.43
2025-07-11,SELL,ADSK,8.0,285.61,2284.88,2.7,47894.61
2025-07-11,BUY,CSGP,58.0,85.3,4947.4,3.65,42943.56
2025-07-11,BUY,GFS,122.0,40.683,4963.33,3.84,37976.39
2025-07-15,SELL,CSGP,29.0,85.865,2490.09,2.82,40463.65
2025-07-16,SELL,CSGP,29.0,84.53,2451.37,2.81,42912.21
2025-07-16,BUY,AMZN,22.0,225.875,4969.25,3.55,37939.41
2025-07-17,SELL,AMZN,11.0,223.32,2456.52,2.76,40393.17
2025-07-18,SELL,AMZN,11.0,225.14,2476.54,2.77,42866.94
2025-07-18,BUY,CDNS,15.0,321.37,4820.55,3.48,38042.91
2025-07-22,SELL,MCHP,54.0,71.472,3859.49,3.31,41899.09
2025-07-22,SELL,CDNS,7.0,317.54,2222.78,2.68,44119.19
2025-07-22,BUY,PEP,36.0,135.849,4890.56,3.57,39225.06
2025-07-24,SELL,GFS,61.0,39.664,2419.5,2.9,41641.67
2025-07-25,SELL,GFS,61.0,39.055,2382.36,2.89,44021.14
2025-07-25,BUY,BKR,111.0,44.857,4979.13,3.82,39038.19
2025-08-01,SELL,PEP,18.0,133.805,2408.49,2.77,41443.92
2025-08-15,SELL,PEP,18.0,143.698,2586.56,2.82,44027.66
2025-08-18,BUY,BIIB,35.0,140.0,4900.0,3.57,39124.09
2025-08-21,SELL,BKR,55.0,42.249,2323.7,2.85,41444.94
2025-08-22,SELL,BKR,56.0,42.953,2405.37,2.88,43847.43
2025-08-22,BUY,NFLX,41.0,120.888,4956.41,3.6,38887.42
2025-08-25,SELL,NFLX,20.0,120.165,2403.3,2.77,41287.95
2025-08-26,SELL,NFLX,21.0,122.021,2562.44,2.82,43847.57
2025-08-26,BUY,TSLA,14.0,344.93,4829.02,3.48,39015.07
2025-08-27,SELL,CDNS,8.0,345.0,2760.0,2.84,41772.22
2025-08-27,BUY,CMCSA,166.0,30.013,4982.16,3.98,36786.08
2025-08-28,SELL,CMCSA,83.0,30.245,2510.34,2.99,39293.43
2025-08-29,SELL,CMCSA,83.0,29.986,2488.84,2.99,41779.28
2025-08-29,BUY,PCAR,51.0,97.674,4981.37,3.64,36794.27
2025-09-02,SELL,BIIB,17.0,133.55,2270.35,2.72,39061.89
2025-09-04,SELL,PCAR,25.0,94.464,2361.6,2.77,41420.72
2025-09-05,SELL,PCAR,26.0,96.314,2504.16,2.82,43922.07
2025-09-09,BUY,LRCX,47.0,104.333,4903.65,3.6,39014.81
2025-09-19,SELL,BIIB,18.0,143.96,2591.28,2.82,41603.27
2025-09-24,BUY,FTNT,58.0,85.29,4946.82,3.65,36652.8
2025-09-25,SELL,FTNT,29.0,82.96,2405.84,2.8,39055.84
2025-09-26,SELL,FTNT,29.0,83.2,2412.8,2.8,41465.84
2025-09-29,BUY,XEL,64.0,77.688,4972.03,3.67,36490.14
2025-10-13,SELL,TSLA,14.0,423.53,5929.42,3.81,42415.75
2025-10-13,SELL,LRCX,47.0,137.607,6467.53,4.07,48879.2
2025-10-13,BUY,TTD,95.0,52.595,4996.52,3.77,43878.91
2025-10-13,BUY,ZS,15.0,315.0,4725.0,3.45,39150.45
2025-10-14,SELL,TTD,47.0,50.3,2364.1,2.84,41511.71
2025-10-15,SELL,TTD,48.0,51.165,2455.92,2.87,43964.76
2025-10-15,BUY,PEP,34.0,146.987,4997.56,3.59,38963.61
2025-10-27,SELL,XEL,32.0,78.539,2513.25,2.84,41474.02
2025-10-28,SELL,XEL,32.0,78.871,2523.87,2.84,43995.05
2025-10-29,BUY,NVDA,24.0,207.71,4985.04,3.56,39006.45
2025-10-30,SELL,PEP,17.0,142.14,2416.38,2.77,41420.07
2025-11-03,SELL,PEP,17.0,141.674,2408.46,2.76,43825.76
2025-11-03,BUY,TEAM,29.0,169.99,4929.71,3.56,38892.5
2025-11-06,SELL,TEAM,14.0,159.55,2233.7,2.7,41123.49
2025-11-07,SELL,NVDA,12.0,184.66,2215.92,2.69,43336.72
2025-11-07,SELL,TEAM,15.0,155.0,2325.0,2.73,45658.99
2025-11-10,SELL,ZS,7.0,323.98,2267.86,2.69,47924.16
2025-11-10,SELL,NVDA,12.0,194.856,2338.27,2.73,50259.7
2025-11-10,BUY,MAR,17.0,290.309,4935.25,3.52,45320.93
2025-11-10,BUY,AMGN,15.0,313.766,4706.49,3.45,40610.99
2025-11-17,SELL,ZS,8.0,299.225,2393.8,2.73,43002.06
2025-11-17,BUY,HON,12.0,391.664,4699.97,3.44,38298.66
2025-11-18,SELL,MAR,17.0,281.464,4784.89,3.48,43080.07
2025-11-18,SELL,AMGN,15.0,336.409,5046.14,3.55,48122.65
2025-11-18,SELL,HON,12.0,379.66,4555.92,3.39,52675.18
2025-11-26,BUY,ADI,19.0,252.846,4804.07,3.49,47867.62
2025-11-26,BUY,GFS,145.0,34.452,4995.54,3.92,42868.15
2025-11-26,BUY,CTAS,27.0,182.204,4919.51,3.55,37945.1
2025-11-28,SELL,CTAS,13.0,183.936,2391.17,2.75,40333.52
2025-12-01,SELL,CTAS,14.0,184.199,2578.79,2.81,42909.5
2025-12-01,BUY,LULU,27.0,181.19,4892.13,3.54,38013.83
2025-12-16,SELL,ADI,19.0,279.33,5307.27,3.64,43317.46
2025-12-16,SELL,GFS,145.0,36.893,5349.48,4.03,48662.92
2025-12-16,SELL,LULU,27.0,208.81,5637.87,3.76,54297.03
2025-12-22,BUY,HON,12.0,392.436,4709.23,3.44,49584.36
2025-12-23,SELL,HON,6.0,387.527,2325.16,2.71,51906.81
2025-12-26,BUY,TTWO,19.0,250.74,4764.06,3.48,47139.28
2025-12-29,BUY,INTU,7.0,666.543,4665.8,3.41,42470.06
2026-01-02,SELL,HON,6.0,387.31,2323.86,2.71,44791.22
2026-01-02,SELL,TTWO,19.0,257.705,4896.39,3.52,49684.1
2026-01-02,SELL,INTU,7.0,654.456,4581.19,3.39,54261.9
2026-01-06,BUY,AMD,22.0,222.71,4899.62,3.53,49358.76
2026-01-07,SELL,AMD,11.0,212.125,2333.38,2.72,51689.41
2026-01-07,BUY,PDD,41.0,121.57,4984.37,3.61,46701.43
2026-01-08,SELL,AMD,11.0,210.9,2319.9,2.72,49018.61
2026-01-08,SELL,PDD,20.0,119.6,2392.0,2.77,51407.85
2026-01-08,BUY,AMZN,20.0,243.06,4861.2,3.51,46543.14
2026-01-08,BUY,MELI,2.0,2176.7,4353.4,3.3,42186.44
2026-01-12,SELL,PDD,21.0,121.12,2543.52,2.82,44727.14
2026-01-12,BUY,IDXX,7.0,708.86,4962.02,3.5,39761.62
2026-01-14,SELL,IDXX,3.0,710.21,2130.63,2.64,41889.61
2026-01-15,SELL,IDXX,4.0,711.0,2844.0,2.86,44730.76
2026-01-15,BUY,DXCM,71.0,69.65,4945.15,3.69,39781.92
2026-01-21,SELL,AMZN,20.0,231.085,4621.7,3.44,44400.18
2026-01-21,SELL,MELI,2.0,2045.0,4090.0,3.22,48486.96
2026-01-21,SELL,DXCM,71.0,71.29,5061.59,3.72,53544.83
2026-01-23,BUY,CMCSA,176.0,28.263,4974.29,4.01,48566.53
2026-01-23,BUY,ORLY,50.0,98.725,4936.25,3.62,43626.66
2026-01-23,BUY,GILD,38.0,129.672,4927.54,3.58,38695.54
2026-02-04,SELL,CMCSA,176.0,29.266,5150.82,4.06,43842.29
2026-02-04,SELL,ORLY,50.0,97.68,4884.0,3.61,48722.69
2026-02-04,SELL,GILD,38.0,142.396,5411.05,3.73,54130.01
2026-04-09,BUY,AMZN,22.0,225.232,4955.1,3.54,49171.36
2026-04-10,BUY,BKNG,28.0,176.707,4947.8,3.56,44220.01
2026-04-10,BUY,MELI,2.0,1801.0,3602.0,3.08,40614.93
2026-04-13,SELL,MELI,1.0,1761.75,1761.75,2.52,42374.16
2026-04-16,SELL,BKNG,14.0,186.104,2605.46,2.81,44976.8
2026-04-17,SELL,BKNG,14.0,188.084,2633.18,2.82,47607.16
2026-04-17,BUY,META,7.0,677.989,4745.92,3.43,42857.8
2026-04-24,SELL,MELI,1.0,1819.43,1819.43,2.54,44674.69
2026-04-24,SELL,META,3.0,659.726,1979.18,2.59,46651.28
2026-04-24,BUY,MSFT,12.0,416.053,4992.64,3.52,41655.12
2026-05-01,SELL,META,4.0,614.137,2456.55,2.74,44108.93
2026-05-01,SELL,MSFT,6.0,411.892,2471.35,2.75,46577.53
2026-05-04,SELL,MSFT,6.0,410.635,2463.81,2.75,49038.59
2026-05-04,BUY,SBUX,47.0,105.186,4943.74,3.61,44091.23
2026-05-04,BUY,CSCO,54.0,91.51,4941.54,3.63,39146.06
2026-05-05,SELL,SBUX,23.0,104.152,2395.5,2.78,41538.78
2026-05-06,SELL,SBUX,24.0,104.142,2499.41,2.81,44035.37
2026-05-06,BUY,TEAM,54.0,91.48,4939.92,3.63,39091.82
2026-05-07,SELL,CSCO,27.0,91.66,2474.82,2.81,41563.83
2026-05-08,SELL,CSCO,27.0,92.985,2510.59,2.82,44071.6
2026-05-11,SELL,AMZN,11.0,269.835,2968.18,2.91,47036.87
2026-05-11,BUY,TSLA,11.0,422.16,4643.76,3.42,42389.69
2026-05-12,SELL,AMZN,11.0,266.71,2933.81,2.9,45320.6
2026-05-12,BUY,MDB,16.0,307.74,4923.84,3.52,40393.25
2026-05-14,SELL,TEAM,54.0,80.33,4337.82,3.45,44727.61
2026-05-15,BUY,MNST,58.0,86.0,4988.0,3.66,39735.95
2026-05-18,SELL,TSLA,5.0,419.27,2096.35,2.63,41829.67
2026-05-19,SELL,TSLA,6.0,403.16,2418.96,2.73,44245.89
2026-05-19,BUY,TTWO,20.0,240.4,4808.0,3.49,39434.4
2026-05-21,SELL,TTWO,10.0,236.3,2363.0,2.73,41794.67
2026-05-26,SELL,TTWO,10.0,225.13,2251.3,2.7,44043.28
2026-05-26,BUY,DXCM,69.0,72.02,4969.38,3.69,39070.21
2026-05-28,SELL,MDB,16.0,321.495,5143.92,3.58,44210.55
2026-05-29,BUY,AMAT,11.0,452.77,4980.47,3.52,39226.56
2026-06-22,SELL,DXCM,34.0,71.89,2444.26,2.83,41668.0
2026-06-23,SELL,DXCM,35.0,70.24,2458.4,2.83,44123.56
2026-06-24,BUY,ADI,12.0,407.22,4886.64,3.49,39233.43
2026-06-29,SELL,ADI,6.0,388.16,2328.96,2.71,41559.68
2026-06-30,SELL,ADI,6.0,392.92,2357.52,2.72,43914.49
2026-07-01,BUY,ORLY,53.0,92.79,4917.87,3.62,38992.99
2026-07-06,SELL,AMAT,11.0,627.755,6905.31,4.09,45894.21
2026-07-06,SELL,ORLY,26.0,90.21,2345.46,2.77,48236.89
2026-07-07,SELL,ORLY,27.0,85.62,2311.74,2.76,50545.87
2026-07-07,BUY,ZS,32.0,152.74,4887.68,3.55,45654.64
2026-07-07,BUY,MELI,2.0,1828.025,3656.05,3.09,41995.49
2026-07-08,SELL,MNST,58.0,97.4,5649.2,3.86,47640.84
2026-07-08,SELL,ZS,32.0,146.42,4685.44,3.49,52322.78
2026-07-08,SELL,MELI,2.0,1800.295,3600.59,3.08,55920.3
2026-07-10,BUY,META,7.0,660.335,4622.35,3.4,51294.55
2026-07-10,BUY,CDW,34.0,144.97,4928.98,3.57,46362.0
2026-07-14,SELL,META,7.0,652.0,4564.0,3.38,50922.62
2026-07-14,SELL,CDW,34.0,142.74,4853.16,3.55,55772.24
2026-07-16,BUY,CTAS,25.0,198.74,4968.5,3.56,50800.18
2026-07-16,BUY,WDAY,34.0,144.33,4907.22,3.56,45889.4
2026-07-16,BUY,ADBE,21.0,228.705,4802.81,3.49,41083.1
2026-07-17,SELL,CTAS,25.0,207.17,5179.25,3.62,46258.73
2026-07-17,SELL,WDAY,34.0,144.955,4928.47,3.57,51183.63
2026-07-17,SELL,ADBE,21.0,235.26,4940.46,3.54,56120.55
2026-08-05,BUY,ORLY,53.0,92.72,4914.16,3.62,51202.77
2026-08-05,BUY,GOOG,13.0,380.0,4940.0,3.51,46259.26
2026-08-05,BUY,GOOGL,13.0,383.34,4983.42,3.52,41272.31
2026-08-06,SELL,GOOG,6.0,358.792,2152.75,2.65,43422.41
2026-08-06,SELL,GOOGL,6.0,360.77,2164.62,2.66,45584.38
