datetime,MCD_buy_hold,S12_full,L1+L4
2025-01-02,50000.0,50000.0,50000.0
2025-01-03,50387.650184677565,50000.0,50000.0
2025-01-06,49942.26079421666,50000.0,50000.0
2025-01-07,49460.96218259693,50000.0,50000.0
2025-01-08,49043.39516848275,50000.0,50000.0
2025-01-10,48260.62532140172,50000.0,50000.0
2025-01-13,48486.0212703927,50000.0,50000.0
2025-01-14,48138.433942016054,50000.0,50000.0
2025-01-15,48264.88767241567,50000.0,50000.0
2025-01-16,47826.57305502873,50000.0,50000.0
2025-01-17,48033.46822789166,50000.0,50000.0
2025-01-21,48317.485512311876,50000.0,50000.0
2025-01-22,48102.877852270874,50000.0,50000.0
2025-01-23,48630.818049925154,50000.0,50000.0
2025-01-24,48806.87490595782,50000.0,50000.0
2025-01-27,50106.982614886816,50000.0,50000.0
2025-01-28,49774.8069199166,50000.0,50000.0
2025-01-29,49597.17991396246,50000.0,50000.0
2025-01-30,49633.36412100925,50000.0,50000.0
2025-01-31,49356.08918223008,50000.0,50000.0
2025-02-03,49589.90202675373,50000.0,50000.0
2025-02-04,49542.037711507495,50000.0,50000.0
2025-02-05,49381.48437073798,50000.0,50000.0
2025-02-06,50322.476213359456,50000.0,50000.0
2025-02-07,50312.217385923184,50000.0,50000.0
2025-02-10,52698.38464600969,52351.35966576793,50587.83991644198
2025-02-11,53005.89496567785,52330.419121901614,50582.78113245033
2025-02-12,52559.232987152594,52330.419121901614,50582.78113245033
2025-02-13,52972.867295160984,52330.419121901614,50582.78113245033
2025-02-14,52721.85982711648,52330.419121901614,50582.78113245033
2025-02-18,52084.54242657592,52330.419121901614,50582.78113245033
2025-02-19,51589.57647385084,52330.419121901614,50582.78113245033
2025-02-20,51780.63165124018,52330.419121901614,50582.78113245033
2025-02-21,52080.91028926589,52330.419121901614,50582.78113245033
2025-02-24,52552.218598351465,52330.419121901614,50582.78113245033
2025-02-25,53089.063134414064,52330.419121901614,50582.78113245033
2025-02-26,51991.02044548717,52330.419121901614,50582.78113245033
2025-02-27,52959.1223814974,52330.419121901614,50582.78113245033
2025-02-28,52683.262317299275,52330.419121901614,50582.78113245033
2025-03-03,52296.45702840785,52330.419121901614,50582.78113245033
2025-03-04,52550.611585046216,52330.419121901614,50582.78113245033
2025-03-05,52842.8044704907,52330.419121901614,50582.78113245033
2025-03-06,53344.16960185397,52330.419121901614,50582.78113245033
2025-03-07,55218.41116240654,52330.419121901614,50582.78113245033
2025-03-10,54522.252310871,52330.419121901614,50582.78113245033
2025-03-11,52721.62023695272,52330.419121901614,50582.78113245033
2025-03-12,51449.24085166768,52330.419121901614,50582.78113245033
2025-03-13,51124.46638840755,52330.419121901614,50582.78113245033
2025-03-14,51525.74461452657,52330.419121901614,50582.78113245033
2025-03-17,52234.97008858351,52330.419121901614,50582.78113245033
2025-03-18,52172.15595186651,52330.419121901614,50582.78113245033
2025-03-19,52742.0374398546,52330.419121901614,50582.78113245033
2025-03-20,52756.417777499024,52330.419121901614,50582.78113245033
2025-03-21,52488.01827214647,52330.419121901614,50582.78113245033
2025-03-24,52527.853860440875,52330.419121901614,50582.78113245033
2025-03-25,52742.660735241334,52330.419121901614,50582.78113245033
2025-03-26,53884.038713838556,52330.419121901614,50582.78113245033
2025-03-27,53733.23383481727,52330.419121901614,50582.78113245033
2025-03-28,52767.002620740044,52330.419121901614,50582.78113245033
2025-03-31,53682.928193838474,52330.419121901614,50582.78113245033
2025-04-01,53899.268135846476,52330.419121901614,50582.78113245033
2025-04-02,53546.38208588478,52330.419121901614,50582.78113245033
2025-04-03,54696.8489922845,52330.419121901614,50582.78113245033
2025-04-04,51546.70635259515,52330.419121901614,50582.78113245033
2025-04-07,51541.05958301391,52330.419121901614,50582.78113245033
2025-04-08,51539.43360678342,52330.419121901614,50582.78113245033
2025-04-09,52258.52440179496,52330.419121901614,50582.78113245033
2025-04-10,52751.486641422955,52330.419121901614,50582.78113245033
2025-04-11,53288.571943395465,52330.419121901614,50582.78113245033
2025-04-14,54344.460350766174,52330.419121901614,50582.78113245033
2025-04-15,53727.325710299745,52330.419121901614,50582.78113245033
2025-04-16,53148.84720508528,52330.419121901614,50582.78113245033
2025-04-17,53526.986885470884,52330.419121901614,50582.78113245033
2025-04-21,53082.99323789192,52330.419121901614,50582.78113245033
2025-04-22,54852.06669808793,52330.419121901614,50582.78113245033
2025-04-23,54748.91521292916,52330.419121901614,50582.78113245033
2025-04-24,54360.3493120395,52330.419121901614,50582.78113245033
2025-04-25,54449.70487409053,52330.419121901614,50582.78113245033
2025-04-28,54462.20178338691,52330.419121901614,50582.78113245033
2025-04-29,54064.45336684152,52330.419121901614,50582.78113245033
2025-04-30,54946.213389574106,52330.419121901614,50582.78113245033
2025-05-01,53914.87941349182,52330.419121901614,50582.78113245033
2025-05-02,53626.00293828332,52330.419121901614,50582.78113245033
2025-05-05,54270.79628556649,52330.419121901614,50582.78113245033
2025-05-06,54455.29339990217,52487.38762976839,50620.712720861724
2025-05-07,54685.90153804785,52709.66204942019,50674.30506966443
2025-05-08,53888.1687722502,51940.75775583936,50299.630917853145
2025-05-09,53921.08668908254,51972.486084765165,50314.99383614278
2025-05-12,53618.46789779377,51680.80333345243,50173.803593574106
2025-05-13,53062.78863683899,51145.2052134796,49913.81348948056
2025-05-14,52858.043122889256,50947.85879433139,49817.51597422898
2025-05-15,54056.763246690454,52103.25956199433,50937.31920827902
2025-05-16,54766.929964973264,52787.76227049204,51261.72437122104
2025-05-19,55218.140410312844,53222.66686963211,51472.89035676383
2025-05-20,54972.31191785349,52985.72212893627,51358.31294665093
2025-05-21,54393.414489649826,52427.74490000345,50807.20182789823
2025-05-22,54026.97101303114,52074.54396028141,50464.91833917507
2025-05-23,54071.875605921916,52117.825790683215,50506.86232697959
2025-05-27,54137.207091161676,52180.79632625677,50567.88644152429
2025-05-28,53774.515806122916,51831.211981389344,50229.107758606886
2025-05-29,53605.920094577945,51668.70898283618,50071.6277323178
2025-05-30,53947.848203825335,51998.28049170281,50391.01217655909
2025-06-02,54053.031644699025,52099.66281266154,50489.260767120344
2025-06-03,54003.15872872652,52051.59220447194,50442.676022784384
2025-06-04,53861.88221607315,51915.421143411586,50310.71401305824
2025-06-05,53414.86557573627,51484.55879351997,49893.1696305421
2025-06-06,53135.01738034645,51463.96497000256,49873.2123626899
2025-06-09,52691.17191039562,51463.96497000256,49873.2123626899
2025-06-10,51940.28770600021,51463.96497000256,49873.2123626899
2025-06-11,52163.510596963206,51463.96497000256,49873.2123626899
2025-06-12,52412.515429234285,51463.96497000256,49873.2123626899
2025-06-13,52196.47663568296,51463.96497000256,49873.2123626899
2025-06-16,51229.65774484446,51463.96497000256,49873.2123626899
2025-06-17,50540.87681901656,51463.96497000256,49873.2123626899
2025-06-18,50078.87218136073,51463.96497000256,49873.2123626899
2025-06-20,49703.85355044278,51463.96497000256,49873.2123626899
2025-06-23,50059.40665087165,51463.96497000256,49873.2123626899
2025-06-24,50396.466379867714,51463.96497000256,49873.2123626899
2025-06-25,49370.94216864017,51463.96497000256,49873.2123626899
2025-06-26,49384.854949956665,51463.96497000256,49873.2123626899
2025-06-27,50407.13716890231,51463.96497000256,49873.2123626899
2025-06-30,50514.84553288509,51463.96497000256,49873.2123626899
2025-07-01,51433.674700587915,51463.96497000256,49873.2123626899
2025-07-02,50940.386230836695,51463.96497000256,49873.2123626899
2025-07-03,50845.30975940725,51463.96497000256,49873.2123626899
2025-07-07,50750.22786141926,51463.96497000256,49873.2123626899
2025-07-08,50428.23340829054,51463.96497000256,49873.2123626899
2025-07-09,50661.377846186064,51463.96497000256,49873.2123626899
2025-07-10,51585.81395041578,51463.96497000256,49873.2123626899
2025-07-11,51848.846322180245,51463.96497000256,49873.2123626899
2025-07-14,52190.56279135257,51463.96497000256,49873.2123626899
2025-07-15,51799.27992437304,51463.96497000256,49873.2123626899
2025-07-16,51674.88554789471,51463.96497000256,49873.2123626899
2025-07-17,51928.723890234396,51463.96497000256,49873.2123626899
2025-07-18,51357.245754501935,51463.96497000256,49873.2123626899
2025-07-21,51128.74048855505,51463.96497000256,49873.2123626899
2025-07-22,51721.502277364576,51463.96497000256,49873.2123626899
2025-07-23,51540.22432245975,51463.96497000256,49873.2123626899
2025-07-24,50909.22482001333,51463.96497000256,49873.2123626899
2025-07-25,51596.75058754918,51463.96497000256,49873.2123626899
2025-07-28,51728.17165173793,51463.96497000256,49873.2123626899
2025-07-29,52325.184804530145,52037.34323390248,50012.126144091606
2025-07-30,52487.743383188004,52199.0075755543,50050.969294727445
2025-07-31,51874.343716560965,51588.98222903954,49753.50308306104
2025-08-01,52363.041793231605,52074.991970781644,49987.86210837394
2025-08-04,52599.71635873201,52310.36458619979,50100.83162981152
2025-08-05,51652.74321788094,51368.600757790184,49649.83925597281
2025-08-06,53186.630145511626,52894.04975206117,50387.04346478372
2025-08-07,53230.897599536744,52938.07369020493,50418.90340244899
2025-08-08,52804.82714287652,52514.34705306301,50015.34069421511
2025-08-11,52616.41978594209,52326.976127624046,49836.886210861245
2025-08-12,52147.82656823686,51860.96064773805,49393.047063975835
2025-08-13,52740.68851363981,52450.56125131934,49954.59027485943
2025-08-14,53410.62560106132,53116.813005489086,50589.13702908733
2025-08-15,53407.99671732341,53114.19858327724,50586.647019690245
2025-08-18,53368.33836504694,53074.75839214917,50549.083673537985
2025-08-19,53753.859401662616,53458.15867217119,50914.23903971215
2025-08-20,54126.44285176918,53828.69253552769,51267.140264891495
2025-08-21,54151.56369661621,53853.67519025724,51290.93406711628
2025-08-22,54298.94041064257,54000.24118292643,51430.525406795845
2025-08-25,54189.970996336546,53891.87121088671,51327.3124492566
2025-08-26,54103.52913018417,53805.90486264439,51245.43699165579
2025-08-27,53842.90242975719,53546.71187332762,50998.57824935568
2025-08-28,53979.687969690436,53682.74495409994,51128.13790804546
2025-08-29,54207.889313282285,53909.690958921274,51344.28420686283
2025-09-02,54899.71063106739,54597.70655799847,51999.55912737189
2025-09-03,55009.809460805096,54707.199732539855,52103.84183744432
2025-09-04,55114.7680228069,54811.58091602976,52203.25582137976
2025-09-05,54661.59500087877,54360.90080520908,51774.022277563105
2025-09-08,54386.8610384127,54087.67815809825,51513.801508430915
2025-09-09,54339.343795326764,54040.42230802857,51468.79442801073
2025-09-10,53193.77382905809,52901.15413810493,50383.74074538132
2025-09-11,53626.34918472903,53331.34989071748,50793.46472253331
2025-09-12,53098.50695845981,52806.41133188911,50293.50647613634
2025-09-15,52519.08227611803,52230.17407279771,49744.69068670958
2025-09-16,52731.370843722834,52441.29483803442,49945.764823464386
2025-09-17,53023.39198455151,52731.70956649883,50222.3595523694
2025-09-18,52356.83682541613,52068.82113658058,49591.016071489525
2025-09-19,52572.200981448135,52283.00057138969,49795.00332455103
2025-09-22,52678.27539526002,52262.087371161135,49775.08532322121
2025-09-23,52713.285536890085,52262.087371161135,49775.08532322121
2025-09-24,52912.230586843965,52262.087371161135,49775.08532322121
2025-09-25,52562.43388623517,52262.087371161135,49775.08532322121
2025-09-26,53072.481133236346,52262.087371161135,49775.08532322121
2025-09-29,52682.3226976172,52262.087371161135,49775.08532322121
2025-09-30,52838.972286247335,52262.087371161135,49775.08532322121
2025-10-01,52252.01357715248,52262.087371161135,49775.08532322121
2025-10-02,52140.89560276981,52262.087371161135,49775.08532322121
2025-10-03,52333.342632821266,52262.087371161135,49775.08532322121
2025-10-06,51471.00632598799,52262.087371161135,49775.08532322121
2025-10-07,51520.500065699496,52262.087371161135,49775.08532322121
2025-10-08,51186.737703208004,52262.087371161135,49775.08532322121
2025-10-09,51084.228249183485,52262.087371161135,49775.08532322121
2025-10-10,51639.39453125136,52262.087371161135,49775.08532322121
2025-10-13,52186.20759594323,52262.087371161135,49775.08532322121
2025-10-14,52959.89410348271,52262.087371161135,49775.08532322121
2025-10-15,53080.7375026936,52262.087371161135,49775.08532322121
2025-10-16,53094.79088469512,52262.087371161135,49775.08532322121
2025-10-17,53573.6581823367,52262.087371161135,49775.08532322121
2025-10-20,53518.00188153598,52262.087371161135,49775.08532322121
2025-10-21,53468.045758444096,52262.087371161135,49775.08532322121
2025-10-22,53924.590329034894,52262.087371161135,49775.08532322121
2025-10-23,53383.766263522746,52262.087371161135,49775.08532322121
2025-10-24,53179.24211188931,52040.95576634757,49722.43317588596
2025-10-27,53911.14278572472,52757.190317270455,49893.5144140766
2025-10-28,53283.307086807305,52142.793260479935,49598.00136127245
2025-10-29,52576.73401400049,51451.34418058771,49269.14966134121
2025-10-30,52592.70698926534,51466.97525892209,49276.63372176849
2025-10-31,51894.89672126625,50784.10141852705,48949.72774038881
2025-11-03,51536.10088287435,50432.98550161316,48780.51111492754
2025-11-04,52028.87635794263,50915.213259707445,49237.18221862303
2025-11-05,53150.94784742075,52013.26713245256,50299.04713397636
2025-11-06,51883.844503983666,50773.28577076899,49099.93228511005
2025-11-07,52101.94023228588,50752.976456460696,49080.292312196
2025-11-10,52004.60643840208,50752.976456460696,49080.292312196
2025-11-11,53342.55014249155,50752.976456460696,49080.292312196
2025-11-12,53361.68324136973,50752.976456460696,49080.292312196
2025-11-13,53472.88532690362,50752.976456460696,49080.292312196
2025-11-14,53377.96593048672,50752.976456460696,49080.292312196
2025-11-17,53007.836040047005,50752.976456460696,49080.292312196
2025-11-18,52954.42915692639,50681.540217098045,49063.021839829664
2025-11-19,52632.79653931909,50373.71258673895,48988.522556231954
2025-11-20,52879.95962507781,50610.26703686704,49098.64850978077
2025-11-21,53778.57705357815,51470.31436562515,49515.82830321784
2025-11-24,53004.1414067849,50729.11873754664,49159.30322743996
2025-11-25,53965.08396703717,51648.81610354831,49604.92186637849
2025-11-26,54303.530509503726,51972.735978173434,49760.47257677166
2025-11-28,54202.69935089762,51876.23265444033,49714.27478764425
2025-12-01,53083.68067208936,50805.24405015119,49201.09737436973
2025-12-02,52585.726093196725,50328.66247957762,48970.33048505537
2025-12-03,53802.87868349114,51493.57293064765,49537.06569083938
2025-12-04,53947.99811351476,51472.97550147538,49527.15827770121
2025-12-05,54418.17466588737,51900.99213554875,49630.11739058867
2025-12-08,54167.34446101731,51661.7644038167,49572.92724874159
2025-12-09,54342.14316922352,51828.47757337109,49647.95618878575
2025-12-10,54297.42849866804,51785.83123730613,49627.53012647697
2025-12-11,54155.02005344214,51650.01007753578,49562.44988602058
2025-12-12,55377.91711748597,52816.34046794691,50122.045048136875
2025-12-15,55729.38668774941,53151.55236202688,50281.10099092737
2025-12-16,54990.73891108608,52447.071686537114,49604.60959778843
2025-12-17,55721.53664066729,53144.065428950315,49924.298140922976
2025-12-18,55889.282113833324,53304.05161990615,49999.4448034077
2025-12-19,55221.63757042026,52667.289831959875,49700.802065174925
2025-12-22,55288.6390523055,52731.192074285085,49730.95353782008
2025-12-23,54345.08190345934,51831.28037268212,49306.598755952924
2025-12-24,54780.65746466675,52246.70782712108,49504.194827870764
2025-12-26,54316.89349610089,51804.395856293864,49075.199678676465
2025-12-29,53940.76426448187,51445.66496515197,48735.367704522505
2025-12-30,53854.134001326915,51363.04189603379,48686.485500187984
2025-12-31,53434.22956445226,50962.56067795325,48297.13628180333
2026-01-02,53019.482619949544,50566.9983858139,47922.26253768118
2026-01-05,52423.43284761899,49998.5196609015,47383.51617005061
2026-01-06,52933.88416216261,50485.35939458181,47844.89339780687
2026-01-07,53178.61907273812,50465.165250823986,47825.755440447756
2026-01-08,54006.111342949116,50465.165250823986,47825.755440447756
2026-01-09,53733.507122153904,50465.165250823986,47825.755440447756
2026-01-12,53633.886233009434,50465.165250823986,47825.755440447756
2026-01-13,54107.893159726336,50465.165250823986,47825.755440447756
2026-01-14,53878.82476466427,50465.165250823986,47825.755440447756
2026-01-15,53964.647652225874,50465.165250823986,47825.755440447756
2026-01-16,53757.09942784456,50465.165250823986,47825.755440447756
2026-01-20,52952.454676173555,50465.165250823986,47825.755440447756
2026-01-21,53450.11146670392,50465.165250823986,47825.755440447756
2026-01-22,53509.58902024326,50465.165250823986,47825.755440447756
2026-01-23,54072.48276604342,50465.165250823986,47825.755440447756
2026-01-26,54718.18734786978,50465.165250823986,47825.755440447756
2026-01-27,54925.14225889281,50465.165250823986,47825.755440447756
2026-01-28,54693.65290283143,50465.165250823986,47825.755440447756
2026-01-29,55167.3464713112,50465.165250823986,47825.755440447756
2026-01-30,55078.22654133595,50465.165250823986,47825.755440447756
2026-02-02,55696.47970598762,51011.450730382,47955.18390667865
2026-02-03,55869.240846601264,51169.6796967199,47992.37114146346
2026-02-04,56603.1778803334,51841.88004103366,48302.80241387108
2026-02-05,56567.65156379904,51809.342096892644,48287.644071951836
2026-02-06,57212.516338373345,52399.96268637346,48562.880888828215
2026-02-09,56939.48502977971,52149.89799252389,48447.00426106608
2026-02-10,57004.240548696274,52209.20646193111,48474.55290239326
2026-02-11,56521.102462073715,51766.708572803866,48054.013070211906
2026-02-12,58064.3373867128,53180.130978298715,49366.0651712617
2026-02-13,57278.60269167809,52460.49004417688,48698.03670649045
2026-02-17,57288.64505548427,52469.687672989676,48706.57468364548
2026-02-18,57335.97975251815,52513.04071035088,48746.818451917105
2026-02-19,57199.98960224904,52388.489663554225,48631.2001753126
2026-02-20,57570.11489665216,52727.481074127754,48945.87920597727
2026-02-23,58499.51048344512,53578.6985556453,49736.04758079116
2026-02-24,58236.36510603516,53337.68821665196,49512.32244354867
2026-02-25,58229.932896222956,53331.7970659786,49506.85380474082
2026-02-26,58496.04395342359,53575.52362023946,49733.10035096537
2026-02-27,59634.91274627669,54618.59401933239,50701.361999678644
2026-03-02,58543.83647431874,53619.29597062486,49773.73335923506
2026-03-03,58408.11367432517,53494.98978536129,49658.34238275522
2026-03-04,58332.499668086304,53425.736213606964,49594.05565999477
2026-03-05,57575.72797437826,52732.621995769136,48950.65142199331
2026-03-06,57684.08658483742,52831.865789054275,49042.77747503286
2026-03-09,58171.96760102218,53278.7076460401,49457.5719448361
2026-03-10,57668.50364410147,52817.59364083623,49029.52892174605
2026-03-11,57187.54054246997,52377.08778316766,48620.61603496013
2026-03-12,56959.644168898405,52168.36140237219,48426.859458438805
2026-03-13,57407.202558059755,52578.27245668285,48807.37179357725
2026-03-16,57441.49456292742,52609.67991593317,48836.52671763804
2026-03-17,57380.329983433265,52553.66032636879,48784.5248391464
2026-03-18,55510.54032615087,50841.152040708046,47194.83722309386
2026-03-19,54430.18883828549,49851.67663785211,46276.32675077705
2026-03-20,54301.96193084094,49734.23581204149,46212.56248597464
2026-03-23,54248.10654531008,49714.34211771667,46203.319973477446
2026-03-24,54139.043444438714,49714.34211771667,46203.319973477446
2026-03-25,54815.829946695114,49714.34211771667,46203.319973477446
2026-03-26,54327.71640143578,49714.34211771667,46203.319973477446
2026-03-27,53796.66105280123,49714.34211771667,46203.319973477446
2026-03-30,54259.45179827233,49714.34211771667,46203.319973477446
2026-03-31,54656.36677508125,49714.34211771667,46203.319973477446
2026-04-01,54039.83717720816,49714.34211771667,46203.319973477446
2026-04-02,54013.540491293774,49714.34211771667,46203.319973477446
2026-04-06,54476.589871474614,49714.34211771667,46203.319973477446
2026-04-07,53614.64402468075,49714.34211771667,46203.319973477446
2026-04-08,53994.73136588479,49714.34211771667,46203.319973477446
2026-04-09,54446.015687378,49714.34211771667,46203.319973477446
2026-04-10,53763.24370787598,49714.34211771667,46203.319973477446
2026-04-13,53557.70954002649,49714.34211771667,46203.319973477446
2026-04-14,53330.995050822414,49714.34211771667,46203.319973477446
2026-04-15,53865.591987912,49714.34211771667,46203.319973477446
2026-04-16,53988.639115872575,49714.34211771667,46203.319973477446
2026-04-17,54761.70214952456,49714.34211771667,46203.319973477446
2026-04-20,53986.64060110767,49714.34211771667,46203.319973477446
2026-04-21,53086.65043216838,49714.34211771667,46203.319973477446
2026-04-22,52775.58869753954,49714.34211771667,46203.319973477446
2026-04-23,53208.20379875463,49714.34211771667,46203.319973477446
2026-04-24,52650.26215086821,49714.34211771667,46203.319973477446
2026-04-27,51033.96982074804,49714.34211771667,46203.319973477446
2026-04-28,51417.10460410386,49714.34211771667,46203.319973477446
2026-04-29,51010.08130965409,49714.34211771667,46203.319973477446
2026-04-30,51626.44482694119,49714.34211771667,46203.319973477446
2026-05-01,50409.66032947177,49714.34211771667,46203.319973477446
2026-05-04,49962.52963674735,49714.34211771667,46203.319973477446
2026-05-05,50150.56196864607,49714.34211771667,46203.319973477446
2026-05-06,49966.147443876886,49714.34211771667,46203.319973477446
2026-05-07,49905.209700360334,49714.34211771667,46203.319973477446
2026-05-08,48514.15858666765,49714.34211771667,46203.319973477446
2026-05-11,48311.89763659322,49714.34211771667,46203.319973477446
2026-05-12,48361.7699499565,49714.34211771667,46203.319973477446
2026-05-13,48513.36191042479,49714.34211771667,46203.319973477446
2026-05-14,48388.66961209736,49714.34211771667,46203.319973477446
2026-05-15,48638.30704811986,49714.34211771667,46203.319973477446
2026-05-18,49710.66420795967,49714.34211771667,46203.319973477446
2026-05-19,49418.263873097894,49714.34211771667,46203.319973477446
2026-05-20,49324.982501751154,49714.34211771667,46203.319973477446
2026-05-21,50011.5795093942,49714.34211771667,46203.319973477446
2026-05-22,49674.912830986876,49714.34211771667,46203.319973477446
2026-05-26,49143.82561267962,49714.34211771667,46203.319973477446
2026-05-27,49435.534814301005,49714.34211771667,46203.319973477446
2026-05-28,48915.23205085571,49714.34211771667,46203.319973477446
2026-05-29,49131.84914703464,49714.34211771667,46203.319973477446
2026-06-01,48586.71172260601,49714.34211771667,46203.319973477446
2026-06-02,48962.3334336255,49714.34211771667,46203.319973477446
2026-06-03,48417.489678414175,49714.34211771667,46203.319973477446
2026-06-04,48331.11531097039,49714.34211771667,46203.319973477446
2026-06-05,49587.009956409755,49714.34211771667,46203.319973477446
2026-06-08,49221.61934477498,49714.34211771667,46203.319973477446
2026-06-09,50014.19105311189,49714.34211771667,46203.319973477446
2026-06-10,50064.35482516888,49714.34211771667,46203.319973477446
2026-06-11,50462.682312734476,49714.34211771667,46203.319973477446
2026-06-12,50470.678944948086,49714.34211771667,46203.319973477446
2026-06-15,50703.5047329822,49714.34211771667,46203.319973477446
2026-06-16,51024.336525637606,49714.34211771667,46203.319973477446
2026-06-17,50293.46833198213,49714.34211771667,46203.319973477446
2026-06-18,49372.25551626009,48783.85127442265,45987.12599235572
2026-06-22,47857.10196305828,47286.7548824426,45634.30862245701
2026-06-23,48138.97440251632,47565.2680478043,45764.13542174621
2026-06-24,48531.797523852874,47953.409616951874,45950.85741514932
2026-06-25,46870.4389416144,46311.85062512668,45164.35397593142
2026-06-26,47794.53581709448,46293.325884876635,45155.32110513623
2026-06-29,47338.271855857114,46293.325884876635,45155.32110513623
2026-06-30,47891.4163666214,46293.325884876635,45155.32110513623
2026-07-01,47735.47171359854,46293.325884876635,45155.32110513623
2026-07-02,49706.15988027277,46293.325884876635,45155.32110513623
2026-07-06,49505.807616594226,46293.325884876635,45155.32110513623
2026-07-07,49990.07577204023,46293.325884876635,45155.32110513623
2026-07-08,49286.82352050138,46293.325884876635,45155.32110513623
2026-07-09,48975.674677956355,46293.325884876635,45155.32110513623
2026-07-10,48644.848259417435,46293.325884876635,45155.32110513623
2026-07-13,48295.42767875473,46293.325884876635,45155.32110513623
2026-07-14,47644.03989800305,46293.325884876635,45155.32110513623
2026-07-15,46935.29840906916,46293.325884876635,45155.32110513623
2026-07-16,48434.80118839761,46293.325884876635,45155.32110513623
2026-07-17,47423.60101337697,46293.325884876635,45155.32110513623
2026-07-20,47414.03164333318,46293.325884876635,45155.32110513623
2026-07-21,46751.29476966245,46293.325884876635,45155.32110513623
2026-07-22,46693.60692256195,46293.325884876635,45155.32110513623
2026-07-23,46558.83586964725,46293.325884876635,45155.32110513623
2026-07-24,46905.43727454453,46293.325884876635,45155.32110513623
2026-07-27,47946.71338186513,46293.325884876635,45155.32110513623
2026-07-28,48374.323903526114,46293.325884876635,45155.32110513623
2026-07-29,48108.26904047546,46293.325884876635,45155.32110513623
2026-07-30,47561.16986198636,46293.325884876635,45155.32110513623
2026-07-31,47954.04149783984,46293.325884876635,45155.32110513623
2026-08-03,47029.60277092628,46293.325884876635,45155.32110513623
2026-08-04,47587.71077177283,46293.325884876635,45155.32110513623
2026-08-05,48586.37764207049,46293.325884876635,45155.32110513623
2026-08-06,48986.794229505205,46293.325884876635,45155.32110513623
