total_return,total_pnl_usd,max_drawdown,sharpe,avg_exposure,n_trades,id,note,baseline,ma,entry,exit,mode,thr,window,config_id,d_sharpe_vs_base,d_ret_vs_base,d_sharpe_vs_bh
0.2916338280560069,14581.691402800345,-0.13358741054802492,1.1990180091699016,0.7413969430475194,51,B1_weekly_base,weekly softvol baseline,expanding,,0,0,threshold,0.02,primary_2025,B1_weekly_base,0.0,0.0,0.12839695984964883
1.4526419073688577,72632.09536844288,-0.1994710016006883,0.9966025012519892,0.7073856606275966,218,B1_weekly_base,weekly softvol baseline,expanding,,0,0,threshold,0.02,secondary_2020,B1_weekly_base,0.0,0.0,0.12306753309346674
0.2897454592683739,14487.272963418696,-0.1352435114082049,1.1904761330752032,0.7421737493785433,67,T1_event_rebalance,event: week boundary or sat flip,expanding,,0,0,event,0.05,primary_2025,T1_event_rebalance,-0.008541876094698475,-0.001888368787632988,0.11985508375495035
1.4428485410115406,72142.42705057703,-0.19915207177123184,0.9926279951594327,0.7072561376767887,277,T1_event_rebalance,event: week boundary or sat flip,expanding,,0,0,event,0.05,secondary_2020,T1_event_rebalance,-0.003974506092556562,-0.00979336635731709,0.11909302700091018
0.2568968567543386,12844.84283771693,-0.13358725656453363,1.0929007858819808,0.7383894242505267,50,T2_rolling_vol_2y,S12 vol baseline rolling 504d,rolling,,0,0,threshold,0.02,primary_2025,T2_rolling_vol_2y,-0.10611722328792084,-0.03473697130166831,0.022279736561727992
1.3907970328234733,69539.85164117366,-0.19513075392847978,0.9706308904905213,0.7100791020362827,208,T2_rolling_vol_2y,S12 vol baseline rolling 504d,rolling,,0,0,threshold,0.02,secondary_2020,T2_rolling_vol_2y,-0.025971610761467923,-0.06184487454538434,0.09709592233199882
0.2765005172220254,13825.02586110127,-0.13358633750048787,1.154493226068098,0.7406450633482711,50,T3_ma200_gate,satellite only if close>SMA200,expanding,200.0,0,0,threshold,0.02,primary_2025,T3_ma200_gate,-0.04452478310180363,-0.015133310833981506,0.0838721767478452
1.4637176388259077,73185.88194129539,-0.17878267638136291,1.0130202250976665,0.7019673074689734,205,T3_ma200_gate,satellite only if close>SMA200,expanding,200.0,0,0,threshold,0.02,secondary_2020,T3_ma200_gate,0.0164177238456773,0.011075731457049987,0.13948525693914404
0.2718546471591219,13592.732357956094,-0.1335895808205022,1.139477252861139,0.7368689570169717,50,T4_enter2_exit0,asym confirm enter2 exit0,expanding,,2,0,threshold,0.02,primary_2025,T4_enter2_exit0,-0.059540756308762655,-0.019779180896885018,0.06885620354088617
1.3672806447507835,68364.03223753917,-0.20462877069493624,0.9661748928930313,0.7016071194350052,211,T4_enter2_exit0,asym confirm enter2 exit0,expanding,,2,0,threshold,0.02,secondary_2020,T4_enter2_exit0,-0.03042760835895797,-0.0853612626180742,0.09263992473450877
0.28910041051097646,14455.020525548824,-0.1343824892513099,1.185229409372209,0.7467007185334629,55,T4_enter0_exit2,asym confirm enter0 exit2,expanding,,0,2,threshold,0.02,primary_2025,T4_enter0_exit2,-0.013788599797692536,-0.0025334175450304475,0.11460836005195629
1.458665450573132,72933.2725286566,-0.19682846510520446,0.9937681922975222,0.7134652372075817,216,T4_enter0_exit2,asym confirm enter0 exit2,expanding,,0,2,threshold,0.02,secondary_2020,T4_enter0_exit2,-0.002834308954467013,0.00602354320427434,0.12023322413899973
0.2718546471591219,13592.732357956094,-0.1335895808205022,1.139477252861139,0.7368689570169717,50,T4_enter2_exit1,asym confirm enter2 exit1,expanding,,2,1,threshold,0.02,primary_2025,T4_enter2_exit1,-0.059540756308762655,-0.019779180896885018,0.06885620354088617
1.3672806447507835,68364.03223753917,-0.20462877069493624,0.9661748928930313,0.7016071194350052,211,T4_enter2_exit1,asym confirm enter2 exit1,expanding,,2,1,threshold,0.02,secondary_2020,T4_enter2_exit1,-0.03042760835895797,-0.0853612626180742,0.09263992473450877
0.2550609663037471,12753.048315187354,-0.13524289994185335,1.0844242119378826,0.7391662305815508,66,STACK_best_dir,event + rolling + ma200,rolling,200.0,0,0,event,0.05,primary_2025,STACK_best_dir,-0.11459379723201901,-0.03657286175225982,0.013803162617629816
1.4014149926642054,70070.74963321027,-0.18057672103928823,0.9878575694734958,0.7014625347799873,266,STACK_best_dir,event + rolling + ma200,rolling,200.0,0,0,event,0.05,secondary_2020,STACK_best_dir,-0.008744931778493448,-0.05122691470465224,0.1143226013149733
0.4157926820926936,20789.63410463468,-0.2263959237462443,1.0706210493202528,1.0,1,QQQ_buy_hold,reference,,,0,0,threshold,0.02,primary_2025,QQQ_buy_hold,-0.12839695984964883,0.1241588540366867,0.0
2.4209779920746204,121048.89960373101,-0.35101675560491064,0.8735349681585225,1.0,1,QQQ_buy_hold,reference,,,0,0,threshold,0.02,secondary_2020,QQQ_buy_hold,-0.12306753309346674,0.9683360847057627,0.0
0.26805288657443715,13402.644328721857,-0.10151321317252093,1.1950512548246952,0.6040100250626567,14,S12_full,reference,,,0,0,threshold,0.02,primary_2025,S12_full,-0.003966754345206436,-0.02358094148156975,0.12443020550444239
0.819529045839787,40976.45229198935,-0.1777260963502021,0.7307046564741628,0.5678937839468919,66,S12_full,reference,,,0,0,threshold,0.02,secondary_2020,S12_full,-0.2658978447778264,-0.6331128615290706,-0.14283031168435967
