,equity
2023-01-03,50000.0
2023-01-04,50000.0
2023-01-05,50000.0
2023-01-06,50000.0
2023-01-09,50000.0
2023-01-10,50000.0
2023-01-11,50000.0
2023-01-12,50000.0
2023-01-13,50000.0
2023-01-17,50000.0
2023-01-18,50000.0
2023-01-19,50000.0
2023-01-20,50000.0
2023-01-23,50000.0
2023-01-24,50000.0
2023-01-25,50000.0
2023-01-26,50000.0
2023-01-27,50000.0
2023-01-30,50000.0
2023-01-31,50000.0
2023-02-01,50000.0
2023-02-02,50000.0
2023-02-03,50000.0
2023-02-06,50000.0
2023-02-07,50000.0
2023-02-08,50000.0
2023-02-09,50000.0
2023-02-10,50000.0
2023-02-13,50000.0
2023-02-14,50000.0
2023-02-15,50000.0
2023-02-16,50000.0
2023-02-17,50000.0
2023-02-21,50000.0
2023-02-22,50000.0
2023-02-23,50000.0
2023-02-24,50000.0
2023-02-27,50000.0
2023-02-28,50000.0
2023-03-01,50000.0
2023-03-02,50000.0
2023-03-03,50000.0
2023-03-06,50000.0
2023-03-07,50000.0
2023-03-08,50000.0
2023-03-09,50000.0
2023-03-10,50000.0
2023-03-13,50000.0
2023-03-14,50000.0
2023-03-15,50000.0
2023-03-16,50000.0
2023-03-17,49761.2648172
2023-03-20,49936.7268172
2023-03-21,50648.7008172
2023-03-22,49961.1288172
2023-03-23,50552.5868172
2023-03-24,50738.3408172
2023-03-27,50391.2348172
2023-03-28,50123.974817199996
2023-03-29,51036.4768172
2023-03-30,51518.70681719999
2023-03-31,52374.104817199994
2023-04-03,52246.94881719999
2023-04-04,52070.98881719999
2023-04-05,51557.716817199995
2023-04-06,51904.822817199994
2023-04-10,51875.4408172
2023-04-11,51543.1088172
2023-04-12,51088.6008172
2023-04-13,52087.256817199996
2023-04-14,51989.4828172
2023-04-17,52033.472817199996
2023-04-18,52036.7928172
2023-04-19,52012.3908172
2023-04-20,51616.48081719999
2023-04-21,51670.2648172
2023-04-24,51562.6968172
2023-04-25,50591.5968172
2023-04-26,50897.8668172
2023-04-27,52279.650817199996
2023-04-28,52639.7048172
2023-05-01,52579.28081719999
2023-05-02,52121.4528172
2023-05-03,51780.9868172
2023-05-04,51598.552817200005
2023-05-05,52122.19816679999
2023-05-08,51472.2981668
2023-05-09,51416.01816679999
2023-05-10,51131.93816679999
2023-05-11,50863.93816679999
2023-05-12,50713.85816679999
2023-05-15,50648.19816679999
2023-05-16,50086.738166799994
2023-05-17,51429.4711828
2023-05-18,52327.430650999995
2023-05-19,52209.562651
2023-05-22,52384.784650999994
2023-05-23,51721.02665099999
2023-05-24,51455.74465099999
2023-05-25,50702.020249599984
2023-05-26,51963.966198799986
2023-05-30,52198.01619879999
2023-05-31,51903.1131988
2023-06-01,52498.95919879999
2023-06-02,52890.20019879999
2023-06-05,52927.19519879999
2023-06-06,52918.286198799986
2023-06-07,52026.17819879999
2023-06-08,52667.92819879999
2023-06-09,52868.00319879999
2023-06-12,53755.7321988
2023-06-13,54166.30119879999
2023-06-14,54557.54219879999
2023-06-15,55203.671198799995
2023-06-16,54858.33419879999
2023-06-20,54777.70019879999
2023-06-21,54035.686198799995
2023-06-22,54669.43319879999
2023-06-23,54130.66519879999
2023-06-26,53409.489198799994
2023-06-27,54322.133198799995
2023-06-28,54427.53119879999
2023-06-29,54319.1131988
2023-06-30,55151.727198799985
2023-07-03,55280.83219879999
2023-07-05,55279.32219879999
2023-07-06,54860.90119879999
2023-07-07,55115.83949729999
2023-07-10,56654.65949729999
2023-07-11,57671.32649729998
2023-07-12,57737.80949729998
2023-07-13,57430.04549729999
2023-07-14,57426.565274099994
2023-07-17,58147.021854199986
2023-07-18,58732.352387599996
2023-07-19,58718.80038759999
2023-07-20,57373.302387599986
2023-07-21,57064.788560400004
2023-07-24,57576.6565604
2023-07-25,56027.2965604
2023-07-26,54925.368560400006
2023-07-27,55404.6565604
2023-07-28,55398.140560399996
2023-07-31,55910.7325604
2023-08-01,55747.198161600005
2023-08-02,53937.528398799994
2023-08-03,54736.728398800005
2023-08-04,55314.3283988
2023-08-07,54895.1283988
2023-08-08,53526.3283988
2023-08-09,52775.12839879999
2023-08-10,53033.6925588
2023-08-11,53051.5610093
2023-08-14,52916.279714799995
2023-08-15,52692.117837699996
2023-08-16,52696.16926759999
2023-08-17,52696.16926759999
2023-08-18,52696.16926759999
2023-08-21,52696.16926759999
2023-08-22,52696.16926759999
2023-08-23,52696.16926759999
2023-08-24,52696.16926759999
2023-08-25,52696.16926759999
2023-08-28,52696.16926759999
2023-08-29,52696.16926759999
2023-08-30,52696.16926759999
2023-08-31,52696.16926759999
2023-09-01,52291.37727359999
2023-09-05,51921.94523359998
2023-09-06,51553.48140359998
2023-09-07,51601.78140359998
2023-09-08,51488.52840359998
2023-09-11,53399.893335599976
2023-09-12,51482.05333559998
2023-09-13,51094.293335599985
2023-09-14,51597.46534459999
2023-09-15,49322.86534459999
2023-09-18,49144.15649959999
2023-09-19,49144.15649959999
2023-09-20,49144.15649959999
2023-09-21,49144.15649959999
2023-09-22,49144.15649959999
2023-09-25,49144.15649959999
2023-09-26,49144.15649959999
2023-09-27,49144.15649959999
2023-09-28,49144.15649959999
2023-09-29,49144.15649959999
2023-10-02,49144.15649959999
2023-10-03,49144.15649959999
2023-10-04,49144.15649959999
2023-10-05,49144.15649959999
2023-10-06,49144.15649959999
2023-10-09,49144.15649959999
2023-10-10,49144.15649959999
2023-10-11,49546.61259959998
2023-10-12,49815.92259959999
2023-10-13,49395.64083739999
2023-10-16,49559.111326999984
2023-10-17,49864.13557329998
2023-10-18,49212.837573299985
2023-10-19,49389.80730309998
2023-10-20,49389.80730309998
2023-10-23,49389.80730309998
2023-10-24,49389.80730309998
2023-10-25,49389.80730309998
2023-10-26,49389.80730309998
2023-10-27,49389.80730309998
2023-10-30,49389.80730309998
2023-10-31,49389.80730309998
2023-11-01,49389.80730309998
2023-11-02,49389.80730309998
2023-11-03,49389.80730309998
2023-11-06,49468.898939099985
2023-11-07,49936.19493909998
2023-11-08,49968.29093909998
2023-11-09,49584.09093909998
2023-11-10,50697.79493909998
2023-11-13,50539.898939099985
2023-11-14,51626.810939099974
2023-11-15,51665.706939099975
2023-11-16,51709.90693909998
2023-11-17,51721.87493909998
2023-11-20,52351.01093909998
2023-11-21,52047.18693909998
2023-11-22,52260.026939099975
2023-11-24,52186.45093909998
2023-11-27,52140.89093909998
2023-11-28,52277.434939099985
2023-11-29,52226.57093909998
2023-11-30,52095.330939099986
2023-12-01,52243.97893909998
2023-12-04,51759.41093909998
2023-12-05,51889.29093909998
2023-12-06,51589.41093909998
2023-12-07,52309.53093909998
2023-12-08,52542.498939099976
2023-12-11,52990.89093909998
2023-12-12,53412.62693909998
2023-12-13,54091.26693909998
2023-12-14,54044.48293909998
2023-12-15,54305.46693909998
2023-12-18,54643.562939099975
2023-12-19,54922.63493909998
2023-12-20,54107.04293909998
2023-12-21,54736.17893909998
2023-12-22,54817.91493909998
2023-12-26,55153.29093909998
2023-12-27,55264.40293909998
2023-12-28,55237.61093909998
2023-12-29,54998.65893909998
2024-01-02,54068.82693909998
2024-01-03,53497.08293909998
2024-01-04,53221.95493909998
2024-01-05,53285.05893909998
2024-01-08,54385.434939099985
2024-01-09,54492.87493909998
2024-01-10,54861.84293909998
2024-01-11,54975.94693909998
2024-01-12,55004.09893909998
2024-01-16,54998.65893909998
2024-01-17,54688.71493909998
2024-01-18,55464.322939099984
2024-01-19,56563.33893909997
2024-01-22,56637.18693909998
2024-01-23,56872.05893909998
2024-01-24,57187.30693909998
2024-01-25,57257.21093909998
2024-01-26,56916.25893909998
2024-01-29,57498.74693909998
2024-01-30,57116.31493909998
2024-01-31,55998.39493909998
2024-02-01,57240.66523669998
2024-02-02,57955.24263009997
2024-02-05,57880.17063009998
2024-02-06,57993.57211839997
2024-02-07,58655.97100719998
2024-02-08,58764.06400719997
2024-02-09,59339.87500719998
2024-02-12,59108.756007199976
2024-02-13,58190.85600719998
2024-02-14,59171.42434279998
2024-02-15,59187.44434279998
2024-02-16,59263.98434279999
2024-02-20,59356.71451079998
2024-02-21,60033.10268329998
2024-02-22,59626.46468329998
2024-02-23,59952.865683299984
2024-02-26,58732.95168329999
2024-02-27,61129.93468329998
2024-02-28,60585.41368329999
2024-02-29,61943.21068329998
2024-03-01,61798.316683299985
2024-03-04,61768.71468329998
2024-03-05,61115.13368329998
2024-03-06,61020.87468329998
2024-03-07,61151.746683299985
2024-03-08,60962.44968329998
2024-03-11,60882.99168329997
2024-03-12,60636.04868329998
2024-03-13,60395.898325199996
2024-03-14,59961.8793951
2024-03-15,60144.784395099996
2024-03-18,59845.800999
2024-03-19,59969.01007219999
2024-03-20,59798.6780722
2024-03-21,59402.40391939999
2024-03-22,59469.93991939999
2024-03-25,59255.40591939999
2024-03-26,59064.72391939999
2024-03-27,59264.78591939999
2024-03-28,59156.11191939999
2024-04-01,59280.59791939999
2024-04-02,58772.20191939999
2024-04-03,58903.25391939999
2024-04-04,58008.13391939999
2024-04-05,58687.379919399995
2024-04-08,58704.665919399995
2024-04-09,59108.1138936
2024-04-10,58533.2098936
2024-04-11,58329.0418936
2024-04-12,58238.80189359999
2024-04-15,57840.61789359999
2024-04-16,57846.2408232
2024-04-17,57846.2408232
2024-04-18,57846.2408232
2024-04-19,57846.2408232
2024-04-22,57846.2408232
2024-04-23,57846.2408232
2024-04-24,57846.2408232
2024-04-25,57846.2408232
2024-04-26,57846.2408232
2024-04-29,57846.2408232
2024-04-30,57846.2408232
2024-05-01,57846.2408232
2024-05-02,57846.2408232
2024-05-03,57846.2408232
2024-05-06,57846.2408232
2024-05-07,57776.9787656
2024-05-08,57743.0547656
2024-05-09,57868.3227656
2024-05-10,58003.88676559999
2024-05-13,58136.942765600004
2024-05-14,58508.6547656
2024-05-15,59417.7387656
2024-05-16,59297.7507656
2024-05-17,59269.1067656
2024-05-20,59680.0227656
2024-05-21,59796.0507656
2024-05-22,59784.3027656
2024-05-23,59516.870765600004
2024-05-24,60076.4187656
2024-05-28,60302.13876559999
2024-05-29,59879.474765599996
2024-05-30,59241.7827656
2024-05-31,58148.10390620001
2024-06-03,59434.24032760001
2024-06-04,58450.23575860001
2024-06-05,60055.70452610001
2024-06-06,58664.602878600024
2024-06-07,57674.900283600015
2024-06-10,57397.53666460001
2024-06-11,57472.86666460001
2024-06-12,57397.53666460001
2024-06-13,57548.77982890001
2024-06-14,56834.507828900016
2024-06-17,59165.3787311
2024-06-18,59183.582731099996
2024-06-20,58729.097731099995
2024-06-21,58572.2727311
2024-06-24,57903.7677311
2024-06-25,57702.9218608
2024-06-26,57762.51213010001
2024-06-27,57910.97913010001
2024-06-28,57611.62513010001
2024-07-01,57948.12613010001
2024-07-02,58553.973130100014
2024-07-03,59040.15113010001
2024-07-05,59653.25813010001
2024-07-08,59794.58613010001
2024-07-09,59846.011130100014
2024-07-10,60467.467130100005
2024-07-11,59146.752130100016
2024-07-12,59492.81213010001
2024-07-15,59652.04813010001
2024-07-16,59674.79613010001
2024-07-17,58301.49456150002
2024-07-18,57782.29825050001
2024-07-19,57273.49325050001
2024-07-22,58121.21925050001
2024-07-23,57917.697250500016
2024-07-24,56197.179376500004
2024-07-25,57049.807929700015
2024-07-26,57049.807929700015
2024-07-29,57049.807929700015
2024-07-30,57049.807929700015
2024-07-31,57049.807929700015
2024-08-01,57049.807929700015
2024-08-02,57049.807929700015
2024-08-05,57049.807929700015
2024-08-06,57049.807929700015
2024-08-07,57049.807929700015
2024-08-08,57049.807929700015
2024-08-09,57049.807929700015
2024-08-12,57049.807929700015
2024-08-13,57049.807929700015
2024-08-14,57049.807929700015
2024-08-15,57049.807929700015
2024-08-16,57319.062238200015
2024-08-19,58066.23723820001
2024-08-20,57945.23723820001
2024-08-21,58213.494238200015
2024-08-22,57297.524238200014
2024-08-23,57914.140238200016
2024-08-26,57356.08823820002
2024-08-27,57526.21423820002
2024-08-28,56878.380238200014
2024-08-29,56795.73723820001
2024-08-30,57467.52923820002
2024-09-03,55736.01923820002
2024-09-04,55592.39223820002
2024-09-05,55643.81723820002
2024-09-06,54165.07623820002
2024-09-09,54855.986238200014
2024-09-10,55358.86223820001
2024-09-11,56551.43823820001
2024-09-12,57102.35123820001
2024-09-13,57356.08823820002
2024-09-16,57104.65023820001
2024-09-17,57134.65823820001
2024-09-18,56889.149238200014
2024-09-19,58316.46523820002
2024-09-20,58206.35523820001
2024-09-23,58360.02523820001
2024-09-24,58639.414238200014
2024-09-25,58693.380238200014
2024-09-26,59131.03723820001
2024-09-27,58804.82123820002
2024-09-30,58963.08923820002
2024-10-01,58147.79123820002
2024-10-02,58229.22423820002
2024-10-03,58186.14823820001
2024-10-04,58873.18623820002
2024-10-07,58247.25323820002
2024-10-08,59110.58823820002
2024-10-09,59572.32423820002
2024-10-10,59505.16923820001
2024-10-11,59597.492238200015
2024-10-14,60093.95523820002
2024-10-15,59296.44423820002
2024-10-16,59303.704238200015
2024-10-17,59344.48123820002
2024-10-18,59730.59223820001
2024-10-21,59844.45323820002
2024-10-22,59909.18823820001
2024-10-23,58997.937238200015
2024-10-24,59472.74123820002
2024-10-25,59832.47423820002
2024-10-28,59564.264982000015
2024-10-29,60884.264982000015
2024-10-30,61064.264982000015
2024-10-31,60179.264982000015
2024-11-01,59669.264982000015
2024-11-04,59209.264982000015
2024-11-05,60044.264982000015
2024-11-06,62479.264982000015
2024-11-07,66339.26498200002
2024-11-08,58210.508586400014
2024-11-11,58176.53658640001
2024-11-12,58071.54258640001
2024-11-13,57996.98658640002
2024-11-14,57193.80880980002
2024-11-15,53684.38880980003
2024-11-18,53326.711394800026
2024-11-19,53223.201394800024
2024-11-20,52188.101394800025
2024-11-21,53580.781394800026
2024-11-22,59038.58139480003
2024-11-25,60026.631394800024
2024-11-26,60073.68139480002
2024-11-27,59800.79139480002
2024-11-29,59687.87139480002
2024-12-02,58398.701394800024
2024-12-03,58773.29113800002
2024-12-04,59892.91105760002
2024-12-05,58884.85105760001
2024-12-06,59046.52105760002
2024-12-09,58575.07390660001
2024-12-10,58332.29293130003
2024-12-11,59365.61293130002
2024-12-12,59079.17537040001
2024-12-13,59530.38437040002
2024-12-16,60385.90737040002
2024-12-17,60120.58337040001
2024-12-18,57955.95537040001
2024-12-19,57839.89825050002
2024-12-20,57469.66825050002
2024-12-23,58711.31225050002
2024-12-24,58603.81025050002
2024-12-26,59034.34132770002
2024-12-27,58385.220698500016
2024-12-30,56975.47669850001
2024-12-31,56727.26269850002
2025-01-02,57320.614698500016
2025-01-03,58084.865679900024
2025-01-06,58747.34567990002
2025-01-07,57706.86567990002
2025-01-08,57716.83367990002
2025-01-10,57236.89029220001
2025-01-13,57309.32244310001
2025-01-14,57309.32244310001
2025-01-15,57309.32244310001
2025-01-16,57300.83699110001
2025-01-17,58317.49450510002
2025-01-21,56182.88229460003
2025-01-22,55606.152294600026
2025-01-23,55472.036320600026
2025-01-24,57029.89644440003
2025-01-27,56908.91644440002
2025-01-28,57013.775201900025
2025-01-29,56368.15218290002
2025-01-30,56702.95218290003
2025-01-31,56635.99218290002
2025-02-03,55913.38218290002
2025-02-04,55630.86176090002
2025-02-05,55630.86176090002
2025-02-06,54654.94684290002
2025-02-07,53698.487354900026
2025-02-10,55798.402154900024
2025-02-11,55658.00215490002
2025-02-12,54891.20215490002
2025-02-13,55180.40215490002
2025-02-14,53352.80215490002
2025-02-18,53896.40215490002
2025-02-19,54128.00215490002
2025-02-20,54352.402154900024
2025-02-21,54341.602154900014
2025-02-24,53627.06715830002
2025-02-25,53544.467360100025
2025-02-26,53544.467360100025
2025-02-27,53544.467360100025
2025-02-28,53544.467360100025
2025-03-03,53544.467360100025
2025-03-04,53544.467360100025
2025-03-05,53544.467360100025
2025-03-06,53544.467360100025
2025-03-07,53544.467360100025
2025-03-10,53544.467360100025
2025-03-11,53544.467360100025
2025-03-12,53544.467360100025
2025-03-13,53544.467360100025
2025-03-14,53544.467360100025
2025-03-17,53544.467360100025
2025-03-18,53544.467360100025
2025-03-19,53544.467360100025
2025-03-20,53544.467360100025
2025-03-21,53544.467360100025
2025-03-24,53544.467360100025
2025-03-25,53544.467360100025
2025-03-26,53544.467360100025
2025-03-27,53544.467360100025
2025-03-28,53544.467360100025
2025-03-31,53544.467360100025
2025-04-01,53544.467360100025
2025-04-02,53544.467360100025
2025-04-03,53544.467360100025
2025-04-04,53544.467360100025
2025-04-07,53544.467360100025
2025-04-08,53544.467360100025
2025-04-09,53544.467360100025
2025-04-10,53544.467360100025
2025-04-11,53544.467360100025
2025-04-14,53544.467360100025
2025-04-15,53544.467360100025
2025-04-16,53544.467360100025
2025-04-17,53544.467360100025
2025-04-21,53544.467360100025
2025-04-22,53544.467360100025
2025-04-23,53544.467360100025
2025-04-24,53544.467360100025
2025-04-25,53544.467360100025
2025-04-28,53544.467360100025
2025-04-29,53544.467360100025
2025-04-30,53544.467360100025
2025-05-01,53544.467360100025
2025-05-02,53776.656283100034
2025-05-05,53459.52628310003
2025-05-06,52965.296283100026
2025-05-07,53171.98628310003
2025-05-08,53717.58628310003
2025-05-09,53682.60628310003
2025-05-12,55856.536283100024
2025-05-13,56702.87628310003
2025-05-14,57040.796283100026
2025-05-15,57103.056283100035
2025-05-16,57350.226283100026
2025-05-19,57404.896283100024
2025-05-20,57214.596283100036
2025-05-21,56424.02628310003
2025-05-22,56528.966283100024
2025-05-23,56008.44628310003
2025-05-27,57318.546283100026
2025-05-28,57065.87628310003
2025-05-29,57177.41628310003
2025-05-30,57087.766283100034
2025-06-02,57536.126283100035
2025-06-03,57983.38628310002
2025-06-04,58144.09628310003
2025-06-05,57708.936283100025
2025-06-06,58269.82628310003
2025-06-09,58355.186283100025
2025-06-10,58738.976283100026
2025-06-11,58542.18628310003
2025-06-12,58678.80628310003
2025-06-13,57946.20628310003
2025-06-16,58747.77628310003
2025-06-17,58177.976283100026
2025-06-18,58168.18628310003
2025-06-20,57932.01628310003
2025-06-23,58523.37628310003
2025-06-24,59413.38628310002
2025-06-25,59564.41628310003
2025-06-26,60118.37628310003
2025-06-27,60323.08628310002
2025-06-30,60711.716283100024
2025-07-01,60202.63628310003
2025-07-02,60619.756283100025
2025-07-03,61213.09628310002
2025-07-07,60754.39628310003
2025-07-08,60788.38628310002
2025-07-09,61216.39628310003
2025-07-10,61128.83628310003
2025-07-11,60991.99628310002
2025-07-14,61211.99628310002
2025-07-15,61267.87628310003
2025-07-16,61330.24628310003
2025-07-17,61823.92628310002
2025-07-18,61764.85628310003
2025-07-21,62083.41628310003
2025-07-22,61763.75628310003
2025-07-23,62044.03628310003
2025-07-24,62175.37628310003
2025-07-25,62324.20628310002
2025-07-28,62518.02628310003
2025-07-29,62421.666283100036
2025-07-30,62504.936283100025
2025-07-31,62175.37628310003
2025-08-01,60956.90628310003
2025-08-04,62075.71628310003
2025-08-05,61656.50628310003
2025-08-06,62428.26628310003
2025-08-07,62638.47628310003
2025-08-08,63219.71628310003
2025-08-11,63033.59628310003
2025-08-12,63821.85628310002
2025-08-13,63853.536283100024
2025-08-14,63804.366283100026
2025-08-15,63836.84265710003
2025-08-18,64416.51265710003
2025-08-19,63563.84265710003
2025-08-20,63433.71265710003
2025-08-21,63626.63265710003
2025-08-22,63814.09265710003
2025-08-25,63410.05265710004
2025-08-26,63588.66337160002
2025-08-27,63685.89937160002
2025-08-28,64082.50237160002
2025-08-29,63867.48836710002
2025-09-02,63153.548367100026
2025-09-03,61468.78036710002
2025-09-04,62738.224367100025
2025-09-05,62851.80654870002
2025-09-08,62851.80654870002
2025-09-09,63220.11020890003
2025-09-10,64292.27220890002
2025-09-11,69213.02020890002
2025-09-12,70039.56620890003
2025-09-15,71386.24020890002
2025-09-16,72140.54620890002
2025-09-17,72997.19220890003
2025-09-18,75642.98220890002
2025-09-19,76002.37620890002
2025-09-22,79163.47820890004
2025-09-23,77103.73472860003
2025-09-24,76227.18645120003
2025-09-25,76114.54245120003
2025-09-26,76233.14645120004
2025-09-29,77872.14645120004
2025-09-30,79540.94645120004
2025-10-01,84820.91045120003
2025-10-02,87315.76645120003
2025-10-03,86614.87045120004
2025-10-06,88598.35845120002
2025-10-07,87931.30904280001
2025-10-08,90951.02651030001
2025-10-09,90267.33975470002
2025-10-10,87141.13575470002
2025-10-13,88985.95575470001
2025-10-14,88394.54775470002
2025-10-15,89117.23459970001
2025-10-16,90005.63059970002
2025-10-17,90618.29659970001
2025-10-20,90577.0885997
2025-10-21,90306.2065997
2025-10-22,90217.73059970001
2025-10-23,91077.7529661
2025-10-24,91520.49241890003
2025-10-27,91648.7692665
2025-10-28,92351.3212665
2025-10-29,92765.9612665
2025-10-30,91351.95126650001
2025-10-31,91791.2652665
2025-11-03,92229.2652665
2025-11-04,90362.8012665
2025-11-05,86885.40210710002
2025-11-06,84017.86210710001
2025-11-07,83377.9649071
2025-11-10,82878.5870022
2025-11-11,83286.41400219999
2025-11-12,83220.9780022
2025-11-13,82011.56000220001
2025-11-14,82545.21472029999
2025-11-17,81840.59872029998
2025-11-18,81266.28831149999
2025-11-19,81266.28831149999
2025-11-20,81266.28831149999
2025-11-21,81266.28831149999
2025-11-24,81266.28831149999
2025-11-25,81266.28831149999
2025-11-26,81472.83014199999
2025-11-28,82132.77614199999
2025-12-01,81857.067142
2025-12-02,82497.19614199999
2025-12-03,82698.558142
2025-12-04,82621.684142
2025-12-05,82958.30714199999
2025-12-08,82799.372142
2025-12-09,82901.38314199999
2025-12-10,83240.666142
2025-12-11,82971.607142
2025-12-12,81386.64614199998
2025-12-15,80978.469142
2025-12-16,81138.867142
2025-12-17,79636.100142
2025-12-18,80788.94414200001
2025-12-19,81841.240142
2025-12-22,82226.275142
2025-12-23,82611.044142
2025-12-24,82852.57214199999
2025-12-26,82847.252142
2025-12-29,82446.52314199999
2025-12-30,82255.40214199999
2025-12-31,81576.17114199999
2026-01-02,81418.300142
2026-01-05,82064.414142
2026-01-06,82784.87514199999
2026-01-07,82283.9918215
2026-01-08,78603.29547350001
2026-01-09,80837.8840831
2026-01-12,81825.08359229997
2026-01-13,79999.62359229999
2026-01-14,77692.95839109998
2026-01-15,78194.79839109999
2026-01-16,80578.48308629998
2026-01-20,81077.76108629999
2026-01-21,82791.67039469998
2026-01-22,82959.56370989999
2026-01-23,83389.91570989999
2026-01-26,81194.8917099
2026-01-27,85591.3877099
2026-01-28,90796.58770989999
2026-01-29,90902.6677099
2026-01-30,86555.88370989998
2026-02-02,91320.33170989998
2026-02-03,90548.7246436
2026-02-04,92839.80355309999
2026-02-05,92839.80355309999
2026-02-06,92839.80355309999
2026-02-09,92839.80355309999
2026-02-10,92839.80355309999
2026-02-11,92839.80355309999
2026-02-12,92839.80355309999
2026-02-13,92839.80355309999
2026-02-17,92839.80355309999
2026-02-18,92839.80355309999
2026-02-19,92839.80355309999
2026-02-20,92839.80355309999
2026-02-23,92839.80355309999
2026-02-24,92839.80355309999
2026-02-25,92839.80355309999
2026-02-26,92839.80355309999
2026-02-27,92839.80355309999
2026-03-02,92839.80355309999
2026-03-03,92839.80355309999
2026-03-04,92839.80355309999
2026-03-05,92839.80355309999
2026-03-06,92839.80355309999
2026-03-09,92839.80355309999
2026-03-10,92839.80355309999
2026-03-11,92839.80355309999
2026-03-12,92839.80355309999
2026-03-13,92839.80355309999
2026-03-16,92839.80355309999
2026-03-17,92839.80355309999
2026-03-18,92839.80355309999
2026-03-19,92839.80355309999
2026-03-20,92839.80355309999
2026-03-23,92839.80355309999
2026-03-24,92839.80355309999
2026-03-25,92839.80355309999
2026-03-26,92839.80355309999
2026-03-27,92839.80355309999
2026-03-30,92839.80355309999
2026-03-31,92839.80355309999
2026-04-01,92839.80355309999
2026-04-02,92839.80355309999
2026-04-06,92839.80355309999
2026-04-07,92839.80355309999
2026-04-08,92839.80355309999
2026-04-09,93460.7409814
2026-04-10,93595.22798139999
2026-04-13,94561.11698139999
2026-04-14,96274.4109814
2026-04-15,97619.28098139999
2026-04-16,98088.37898139999
2026-04-17,99369.14198139998
2026-04-20,99054.42098139999
2026-04-21,98678.34698139998
2026-04-22,100325.8509814
2026-04-23,99761.89298139999
2026-04-24,101666.28398139999
2026-04-27,101719.6809814
2026-04-28,100698.8649814
2026-04-29,101313.1599814
2026-04-30,102256.09898139999
2026-05-01,103235.75798139999
2026-05-04,103041.75398139999
2026-05-05,104375.9139814
2026-05-06,106540.09898139999
2026-05-07,106413.26198139999
2026-05-08,108902.87798139999
2026-05-11,109217.59898139999
2026-05-12,108293.0199814
2026-05-13,109434.7059814
2026-05-14,110211.0279814
2026-05-15,108551.28398139999
2026-05-18,108085.2459814
2026-05-19,107420.3079814
2026-05-20,109196.33198139998
2026-05-21,109404.1059814
2026-05-22,109867.23698139998
2026-05-26,111814.31498139999
2026-05-27,111687.47798139999
2026-05-28,112627.3569814
2026-05-29,113041.5279814
2026-06-01,113718.55298139999
2026-06-02,114241.2009814
2026-06-03,113943.15698139998
2026-06-04,113392.96898139999
2026-06-05,107959.7859814
2026-06-08,109642.4799814
2026-06-09,108383.13698139999
2026-06-10,106222.1649814
2026-06-11,109802.97698139999
2026-06-12,110448.0249814
2026-06-15,113911.1799814
2026-06-16,111750.0549814
2026-06-17,110626.7289814
2026-06-18,113394.49898139999
2026-06-22,113110.6839814
2026-06-23,109392.78398139999
2026-06-24,108929.19398139999
2026-06-25,109810.47398139999
2026-06-26,108301.89398139999
2026-06-29,110988.5739814
2026-06-30,112873.53398139999
2026-07-01,111155.34398139999
2026-07-02,109232.1339814
2026-07-06,110795.7939814
2026-07-07,108747.12398139999
2026-07-08,109054.6539814
2026-07-09,110866.17398139999
2026-07-10,111207.36398139999
2026-07-13,109100.5539814
2026-07-14,110316.9039814
2026-07-15,110018.5539814
2026-07-16,108213.1539814
2026-07-17,106589.8239814
2026-07-20,106701.51398139998
2026-07-21,108676.7439814
2026-07-22,108122.8839814
2026-07-23,106074.2139814
2026-07-24,104891.5239814
2026-07-27,104568.69398139999
2026-07-28,103554.3039814
2026-07-29,101449.0239814
2026-07-30,104787.48398139999
2026-07-31,105466.8039814
2026-08-03,107315.0439814
2026-08-04,110953.3839814
2026-08-05,109951.23398139999
2026-08-06,109545.78398139999
2026-08-07,110827.92398139999
