datetime,QQQ_buy_hold,S12_full,CoreSat_SoftVol
2025-01-02,50000.0,50000.0,50000.0
2025-01-03,50815.14395782317,50815.14395782317,50666.098272726034
2025-01-06,51398.62331853916,51398.62331853916,51141.49237884497
2025-01-07,50483.49643471038,50483.49643471038,50397.43364649504
2025-01-08,50492.32436583006,50492.32436583006,50403.03985596881
2025-01-10,49697.430837094165,49697.430837094165,49779.821333106855
2025-01-13,49542.8231244167,49542.8231244167,49658.18856921305
2025-01-14,49498.0252106794,49526.45143330801,49630.54679467856
2025-01-15,50631.21194625327,49526.45143330801,50199.7332787875
2025-01-16,50279.03127869377,49526.45143330801,50035.32553936301
2025-01-17,51129.69380320676,49526.45143330801,50430.6428138661
2025-01-21,51429.407849566145,49526.45143330801,50568.68984553886
2025-01-22,52085.26737207177,49526.45143330801,50926.93512268765
2025-01-23,52197.6480858034,49526.45143330801,50988.35964621659
2025-01-24,51902.901338673044,49526.45143330801,50827.41130904237
2025-01-27,50403.24522800183,49526.45143330801,50006.46376999173
2025-01-28,51146.93813461781,49526.45143330801,50374.49673238293
2025-01-29,51051.076953960706,49417.26846338928,50295.38082651874
2025-01-30,51269.0300325365,49628.24630047027,50463.55453364455
2025-01-31,51197.87350953259,49559.367028768,50405.774746989104
2025-02-03,50795.938967680806,49170.295762410366,50086.13055811565
2025-02-04,51418.89735776086,49773.317360404646,50582.30071510195
2025-02-05,51654.73168220912,50001.6041825348,50769.69914419534
2025-02-06,51924.147368512975,50262.39764846564,50983.594063876095
2025-02-07,51269.93603695438,49629.123309658295,50430.53449011371
2025-02-10,51888.932613044824,50228.30988521607,50953.220103870175
2025-02-11,51766.651833824864,50109.94250777416,50850.139583912445
2025-02-12,51803.451357408245,50145.56432115698,50881.17129860611
2025-02-13,52546.84818391415,50865.16991504881,51507.98807645126
2025-02-14,52767.427910061626,51078.69033802521,51699.59083109834
2025-02-18,52887.15171734237,51194.58257534644,51804.275903042806
2025-02-19,52902.00150153801,51208.95711582637,51816.37769180708
2025-02-20,52677.231073424904,50991.38010763291,51610.79497440908
2025-02-21,51586.5215573725,49935.57701421447,50589.830825680896
2025-02-24,50980.250134978996,49348.708344056555,50057.44092907096
2025-02-25,50337.23709901273,48726.27391720871,49493.97856918491
2025-02-26,50459.23567902009,48844.368126774796,49609.474099557236
2025-02-27,49069.992001131555,47499.58498237225,48269.74859962218
2025-02-28,49845.10248701472,48249.88929043259,48957.756323643735
2025-03-03,48763.66061739093,47203.05724716455,48030.302372470396
2025-03-04,48617.28129059344,47187.39312379583,47947.82201327583
2025-03-05,49250.31051075825,47187.39312379583,48279.73311141358
2025-03-06,47886.389535485694,47187.39312379583,47568.90450414837
2025-03-07,48239.4942866142,47187.39312379583,47738.868039098634
2025-03-10,46351.76247500177,47187.39312379583,46825.92204173577
2025-03-11,46240.90604857072,47187.39312379583,46776.77037019952
2025-03-12,46766.004713737755,47187.39312379583,47001.52021050966
2025-03-13,45923.56585712271,47187.39312379583,46643.27977420018
2025-03-14,47026.94857912096,47187.39312379583,47117.449952209776
2025-03-17,47331.891122384135,47187.39312379583,47238.13357792288
2025-03-18,46521.65868503794,47187.39312379583,46915.6132414106
2025-03-19,47142.28097414168,47187.39312379583,47165.24404844208
2025-03-20,46984.452247971676,47187.39312379583,47102.26354172028
2025-03-21,47146.586863772885,47187.39312379583,47167.092935698725
2025-03-24,48176.708603199026,47187.39312379583,47578.134755727566
2025-03-25,48451.334245205595,47187.39312379583,47677.246064652325
2025-03-26,47557.96481996964,47187.39312379583,47351.95319250095
2025-03-27,47286.657156618894,47187.39312379583,47251.995841375974
2025-03-28,46037.67947934725,47187.39312379583,46790.174220294255
2025-03-31,46046.16435918538,47187.39312379583,46793.36520685386
2025-04-01,46419.18409310038,47187.39312379583,46933.633873645435
2025-04-02,46771.876871857596,47187.39312379583,47065.58748712319
2025-04-03,44243.48997580416,47187.39312379583,46124.13098641978
2025-04-04,41452.17951495356,47187.39312379583,45104.535243428334
2025-04-07,41602.74729288247,47187.39312379583,45161.87725545171
2025-04-08,40925.208402039556,47187.39312379583,44904.45135030609
2025-04-09,45843.34595302389,47187.39312379583,46793.16974552993
2025-04-10,43873.61463147531,47187.39312379583,46089.4800484065
2025-04-11,44685.1960824988,47187.39312379583,46387.879863262846
2025-04-14,45002.95008829043,47187.39312379583,46503.33145749624
2025-04-15,45053.24179444772,47187.39312379583,46521.5204019264
2025-04-16,43685.20837588472,47187.39312379583,46027.10430177323
2025-04-17,43679.35909812131,47187.39312379583,46024.9473048239
2025-04-21,42591.695216181055,47187.39312379583,45623.8222457606
2025-04-22,43702.57119200848,47187.39312379583,46040.30819989664
2025-04-23,44704.273442164325,47187.39312379583,46409.65804985578
2025-04-24,45957.61960978949,47187.39312379583,46865.063694609016
2025-04-25,46470.4025696859,47187.39312379583,47048.08148792348
2025-04-28,46455.71297473519,47187.39312379583,47042.87621687531
2025-04-29,46765.03779464261,47187.39312379583,47152.508270688995
2025-04-30,46773.88717598038,47187.39312379583,47155.63121661696
2025-05-01,47387.58583172803,47187.39312379583,47372.17878690744
2025-05-02,48088.746116881455,47187.39312379583,47617.50509824519
2025-05-05,47804.60500339636,47187.39312379583,47519.03025320578
2025-05-06,47362.353220248995,47187.39312379583,47365.16680110745
2025-05-07,47548.12786729782,47187.39312379583,47430.19179018238
2025-05-08,48039.31087226087,47187.39312379583,47601.67943461863
2025-05-09,48008.69090915528,47187.39312379583,47591.06007779283
2025-05-12,49961.40022716257,49091.04529255894,49017.897484291025
2025-05-13,50721.22194935418,49074.81249319294,49305.030976153095
2025-05-14,51024.76368312331,49074.81249319294,49421.06960302184
2025-05-15,51081.96193959027,49074.81249319294,49442.856559786116
2025-05-16,51304.07817611283,49271.97976894465,49598.16191278639
2025-05-19,51364.063127726964,49329.58878225207,49641.736984423704
2025-05-20,51193.24193570598,49165.53363075957,49502.714673633105
2025-05-21,50479.36465320604,48479.93224639977,48929.856250937926
2025-05-22,50573.786103793216,48570.613766631264,49005.80805366883
2025-05-23,50110.08566735061,48125.279997163234,48610.029890436934
2025-05-27,51282.25977343854,49251.02556932977,49607.71358462388
2025-05-28,51055.563090020885,49033.30809352407,49424.42892388501
2025-05-29,51164.810913729285,49138.22873045831,49512.06522297387
2025-05-30,51084.083343075334,49060.69869055771,49447.33096164293
2025-06-02,51489.673701739855,49450.224058852924,49772.656020855335
2025-06-03,51891.93173464133,49836.54909116282,50094.87272236674
2025-06-04,52036.49992606343,49975.391094687984,50210.520910324056
2025-06-05,51646.23682594855,49600.58588900009,49884.131021893765
2025-06-06,52151.16020852251,50085.5098088033,50305.08439919975
2025-06-09,52227.90574395405,50159.21553754009,50368.98218572926
2025-06-10,52573.07155308782,50490.70970660381,50656.306989882425
2025-06-11,52396.753672122875,50321.375584002744,50483.47235433301
2025-06-12,52520.40633146141,50440.130496787475,50602.6098041132
2025-06-13,51860.22618779211,49806.09936633675,49966.53631298886
2025-06-16,52579.10551325818,50496.504668213296,50659.16556976239
2025-06-17,52065.13231378699,50002.88938485916,50163.96023760118
2025-06-18,52056.49098636501,49994.59033096229,50155.6344505354
2025-06-20,51847.221958548536,49793.61022038619,49954.006936615355
2025-06-23,52379.81358364999,50305.106473900916,50467.15083767088
2025-06-24,53178.030726994526,51071.70710948954,51236.22087092044
2025-06-25,53314.35516113231,51202.6318819373,51367.567382291745
2025-06-26,53811.715852687295,51680.292660638814,51846.76681665683
2025-06-27,53995.7910982667,51857.07688712892,52024.12050596123
2025-06-30,54345.306110360325,52192.747991981516,52360.87288495148
2025-07-01,53886.265897947414,51751.889860167896,51918.59464729792
2025-07-02,54262.306553157156,52113.03595643323,52280.9040785306
2025-07-03,54794.967847878004,52624.59912002995,52794.115105200945
2025-07-07,54381.487424306906,52227.496203666946,52395.73302865036
2025-07-08,54412.271808750535,52257.06125232251,52425.39331315445
2025-07-09,54796.785552498106,52626.344827358706,52795.86643585611
2025-07-10,54718.13594271888,52550.81044257598,52720.08873737856
2025-07-11,54595.34631486748,52432.88437754539,52601.78280526251
2025-07-14,54793.432337546146,52623.1244295824,52792.63566443495
2025-07-15,54846.17639735262,52673.77935488473,52843.45376094828
2025-07-16,54902.32918501544,52727.70799206236,52897.55611471877
2025-07-17,55346.15402652161,53153.95341716443,53325.1745747583
2025-07-18,55293.39081181592,53103.280095667484,53274.338022791955
2025-07-21,55579.76581655076,53378.31209977425,53550.25596849085
2025-07-22,55292.180291697514,53102.117522926594,53273.17170513582
2025-07-23,55544.094814955424,53344.05398752614,53515.88750295274
2025-07-24,55662.343812568615,53457.61927171456,53629.818607144596
2025-07-25,55796.34859987144,53586.31627600068,53758.93017419859
2025-07-28,55970.62219550082,53753.687085171754,53926.84012339316
2025-07-29,55885.510164628606,53671.9462487253,53844.83598083795
2025-07-30,55960.40866610245,53743.8781024987,53916.99954372194
2025-07-31,55674.52572410338,53469.318671061104,53641.555692957896
2025-08-01,54572.40542821913,52410.852154318665,52579.67961115736
2025-08-04,55574.755635123285,53373.500366151726,53545.42873516326
2025-08-05,55198.57714248935,53012.221892051755,53182.98649967638
2025-08-06,55892.24566132426,53678.414959765854,53851.32552909042
2025-08-07,56083.216198476715,53861.821362873605,54035.32272657248
2025-08-08,56605.522111624676,54363.439310232185,54538.55650116676
2025-08-11,56438.06944204436,54202.61925769183,54377.21841010264
2025-08-12,57145.499474942095,54882.02876095254,55058.81644825398
2025-08-13,57175.17488279534,54910.528758367174,55087.408250741144
2025-08-14,57131.40863256013,54868.49604142119,55045.24013670822
2025-08-15,56880.14184349143,54627.18165496827,54803.148420895275
2025-08-18,56857.580580736,54605.51401914736,54781.410988616175
2025-08-19,56085.29553650796,53863.81834060032,54037.32613702558
2025-08-20,55751.89570128011,53543.62410808872,53716.10048495585
2025-08-21,55493.482397196334,53295.44627226181,53467.12321101367
2025-08-22,56347.83433799666,54115.958267393464,54290.278264743865
2025-08-25,56185.26847070076,53959.831456245454,54133.64853308632
2025-08-26,56411.09489968803,54176.71314744665,54351.22885029445
2025-08-27,56498.1299048562,54260.300791281035,54435.085749230624
2025-08-28,56851.48372886504,54599.658656908745,54775.53676490374
2025-08-29,56191.63423377043,53965.94507840443,54139.78184863395
2025-09-02,55727.62039446958,53520.31031962249,53692.71159739365
2025-09-03,56165.528998261536,53940.87384271353,54114.62985270376
2025-09-04,56673.38576296061,54428.61495658515,54603.94209332615
2025-09-05,56759.117526498456,54510.950978764384,54686.543338844815
2025-09-08,57035.79956869348,54776.67394797291,54953.12226309454
2025-09-09,57197.26793683598,54931.746730708255,55108.694571070526
2025-09-10,57217.645631009276,54951.31728670964,55128.328168351756
2025-09-11,57550.321060083574,55270.8158060029,55448.855866150225
2025-09-12,57804.275965018816,55514.711834993825,55693.53754056791
2025-09-15,58297.93381681364,55988.816439366965,56169.16934534596
2025-09-16,58248.882513553304,55941.70800456404,56121.90916339684
2025-09-17,58132.61139118213,55830.0422541432,56009.88371180946
2025-09-18,58656.45616425526,56333.138108868916,56514.60015445176
2025-09-19,59052.847175853116,56713.828506170226,56896.51684342698
2025-09-22,59403.12457478665,57050.23180055409,57234.00377050002
2025-09-23,59008.669569136815,56671.4007261233,56853.952393703636
2025-09-24,58802.30293846401,56473.20805191539,56655.12129512797
2025-09-25,58549.65307333466,56230.56537153144,56411.69700664251
2025-09-26,58790.12720592117,56461.51458681766,56643.390162679054
2025-09-29,59062.585348004446,56723.180959976715,56905.89942364671
2025-09-30,59224.46163927774,56878.64550845393,57061.86475933248
2025-10-01,59511.77668622524,57154.58032072977,57338.68842135403
2025-10-02,59757.26034819071,57390.340643416974,57575.208182479386
2025-10-03,59506.11785044691,57149.14562524557,57333.23621946077
2025-10-06,59953.65029488848,57578.951799187074,57764.42689833393
2025-10-07,59638.91727598893,57276.6850108315,57461.18643885745
2025-10-08,60321.717913042114,57932.44066167118,58119.05443006725
2025-10-09,60248.7183292378,57862.33251151593,58048.72044537187
2025-10-10,58159.70655278258,55856.064206036215,56035.989486418155
2025-10-13,59390.02763027532,57037.65361168609,57187.42561181972
2025-10-14,58997.42064557858,56660.59736012029,56839.72871133935
2025-10-15,59415.5090094408,57062.125701300814,57208.239497626564
2025-10-16,59197.910095438536,56853.145642217394,57016.55868731448
2025-10-17,59588.66226697589,57228.42054774379,57360.87625261486
2025-10-20,60337.228801421814,57947.33718073188,58020.119516274906
2025-10-21,60321.45212994475,57932.18540595151,58006.240081080585
2025-10-22,59739.83387960029,57373.60441818192,57494.553408458836
2025-10-23,60242.57379192555,57856.43135260415,57924.221495839476
2025-10-24,60884.89900426262,58473.31476601847,58474.27140493774
2025-10-27,61965.02675579773,59510.65983903242,59398.16252838861
2025-10-28,62440.61673093511,59967.41221557532,59785.41481530691
2025-10-29,62721.7116850337,60237.37330607489,60014.92820167735
2025-10-30,61759.34891136544,59313.12866899562,59229.6797071336
2025-10-31,62063.70775826974,59605.43219495878,59468.30063507251
2025-11-03,62363.51955345998,59893.36877295157,59704.50211056374
2025-11-04,61092.05117737636,58672.26186819065,58703.65415317972
2025-11-05,61490.20982554191,59054.64988790908,59005.393173598175
2025-11-06,60342.42288585382,57952.32553316214,58132.82530097438
2025-11-07,60152.80411376092,57770.21735317883,57988.10407845264
2025-11-10,61477.32448098805,59042.274917755756,59110.37525729493
2025-11-11,61314.00255050775,58885.42199025891,58972.05870558677
2025-11-12,61267.61389570631,58840.87073932249,58932.759905419276
2025-11-13,60011.60303561033,57634.6090952523,57868.61664550964
2025-11-14,60070.518970649035,57691.19143456128,57914.66015660956
2025-11-17,59556.388261471315,57197.424880287785,57499.16829988594
2025-11-18,58829.04642429151,56498.892257528045,56910.5501863459
2025-11-19,59179.902516044815,56835.8513233422,57195.05645491472
2025-11-20,57828.197223454656,56817.306250421265,56482.37785089988
2025-11-21,58261.85876263844,56817.306250421265,56695.03420700994
2025-11-24,59743.26646158952,56817.306250421265,57423.679428318195
2025-11-25,60112.95626677601,56817.306250421265,57594.41587239835
2025-11-26,60643.07167464185,56817.306250421265,57840.181749387055
2025-11-28,61133.794214065274,56817.306250421265,58066.65834550112
2025-12-01,60931.64464776475,56817.306250421265,57973.74947895054
2025-12-02,61407.57312778986,56817.306250421265,58192.86293451457
2025-12-03,61559.12134762786,56817.306250421265,58262.355363836636
2025-12-04,61502.30299197134,56817.306250421265,58233.06907850854
2025-12-05,61752.81894892327,56817.306250421265,58355.9328296499
2025-12-08,61635.143906322744,56690.50376489063,58254.07684866286
2025-12-09,61711.571919477596,56760.800389395685,58315.814272737676
2025-12-10,61965.04004668595,56993.934197627306,58531.93982692454
2025-12-11,61765.67316725509,56810.56139904753,58360.591654062475
2025-12-12,60580.118451614384,55720.11705494633,57341.35650266353
2025-12-15,60281.98141964337,55445.89787637032,57084.592550389265
2025-12-16,60402.740085970676,55556.96875564783,57188.63965004226
2025-12-17,59285.720564462776,54529.56141340579,56226.37579532617
2025-12-18,60145.831565269335,55320.67055729873,56968.58233117802
2025-12-19,60927.52307835199,56039.65136689571,57614.88211131809
2025-12-22,61221.30939355947,56309.86886218795,57875.40368623978
2025-12-23,61508.6599907342,56291.487476827926,58045.455507596445
2025-12-24,61688.644486397105,56291.487476827926,58162.61028516469
2025-12-26,61684.78354467961,56291.487476827926,58160.0621060756
2025-12-29,61386.65240278325,56291.487476827926,57963.29513515608
2025-12-30,61244.205630008095,56142.48889800709,57822.66481345136
2025-12-31,60738.17193328497,55678.608422980134,57344.901790338576
2026-01-02,60626.87730993216,55576.584776959804,57239.82488329945
2026-01-05,61109.75128922201,56019.23476715143,57695.72205698953
2026-01-06,61645.86824137207,56510.69252588134,58201.88766900285
2026-01-07,61705.26194874829,56565.1386652782,58257.963217674194
2026-01-08,61353.81848509128,56242.97086909777,57926.1539078648
2026-01-09,61964.13291427124,56802.44536488159,58502.37179339802
2026-01-12,62018.899105904544,56852.649466218696,58554.07835256303
2026-01-13,61926.95189627178,56768.36157085114,58467.267973876005
2026-01-14,61263.68684689068,56160.34730585644,57841.05766976113
2026-01-15,61489.56557539197,56367.41006186295,58054.31719157652
2026-01-16,61440.632646326485,56322.553305235204,58008.11800707265
2026-01-20,60130.90365470539,55121.926329751055,56771.55987557393
2026-01-21,60942.21811579891,55865.657310603514,57537.5484888564
2026-01-22,61386.76385727526,56273.17185175488,57957.2587151417
2026-01-23,61581.07911665667,56451.300413964345,58140.71812972255
2026-01-26,61851.867659852265,56699.53194254209,58396.37848170938
2026-01-27,62411.36812006878,57212.425334708874,58924.62123122786
2026-01-28,62619.548629703655,57403.26415498139,59121.1712836856
2026-01-29,62244.466584723625,57059.42690001966,58767.04401333699
2026-01-30,61494.60043976468,56372.02551591677,58059.07077229504
2026-02-02,61920.62245046357,56762.559375568155,58461.292136330914
2026-02-03,60973.279108300514,55894.130884695034,57566.87419142236
2026-02-04,59905.893629246355,54915.659912768024,56559.12052481502
2026-02-05,59040.628492054646,54122.47241267878,55758.07503621087
2026-02-06,60283.70184863948,55261.99624850232,56874.64225342681
2026-02-09,60747.81121125897,55687.44473738857,57259.09545323751
2026-02-10,60466.59269425611,55669.2518346344,57097.25581638312
2026-02-11,60631.3469504477,55669.2518346344,57188.738894874055
2026-02-12,59401.79320795178,55669.2518346344,56506.768992731326
2026-02-13,59528.42679145607,55669.2518346344,56572.17004195526
2026-02-17,59468.81960092031,55669.2518346344,56540.75546149372
2026-02-18,59912.39969702262,55669.2518346344,56774.63838721284
2026-02-19,59683.265215526495,55669.2518346344,56643.758199861186
2026-02-20,60216.192827336265,55669.2518346344,56956.61788275017
2026-02-23,59482.40808045818,55669.2518346344,56525.561807478975
2026-02-24,60120.44889936674,55669.2518346344,56902.125982701145
2026-02-25,60988.88275248767,55669.2518346344,57384.78689928691
2026-02-26,60251.962909602866,55669.2518346344,56976.45879388026
2026-02-27,60063.54231852487,55669.2518346344,56874.950061350806
2026-03-02,60155.514345831965,55669.2518346344,56923.93727113979
2026-03-03,59521.74989960828,55669.2518346344,56586.600086410224
2026-03-04,60426.26489837988,55669.2518346344,57070.293908308144
2026-03-05,60245.04653279564,55669.2518346344,56974.021147674735
2026-03-06,59337.9694520637,55669.2518346344,56456.14914862084
2026-03-09,60142.89847359118,55669.2518346344,56917.13666601572
2026-03-10,60143.89139461434,55669.2518346344,56916.29531881159
2026-03-11,60136.20805164881,55669.2518346344,56911.661445749465
2026-03-12,59099.620640492445,55669.2518346344,56286.46000785933
2026-03-13,58751.78086850984,55669.2518346344,56082.595095486795
2026-03-16,59410.47292671662,55669.2518346344,56500.0583269983
2026-03-17,59700.33325558297,55669.2518346344,56676.72562589754
2026-03-18,58866.15661962325,55669.2518346344,56165.74930389194
2026-03-19,58683.29987308184,55669.2518346344,56055.89042561112
2026-03-20,57595.778924399696,55669.2518346344,55408.978412910204
2026-03-23,58260.806070473256,55669.2518346344,55790.60832424432
2026-03-24,57862.040046154936,55669.2518346344,55562.089623972075
2026-03-25,58243.664394433035,55669.2518346344,55781.39026129735
2026-03-26,56845.68701594172,55669.2518346344,54929.72393623188
2026-03-27,55730.85577205148,55669.2518346344,54297.321094179104
2026-03-30,55312.51045128718,55669.2518346344,54069.39322203944
2026-03-31,57171.45322286604,55669.2518346344,55079.71494981827
2026-04-01,57875.630614941096,55669.2518346344,55387.41351692517
2026-04-02,57961.638334515956,55669.2518346344,55425.0474036985
2026-04-06,58309.935100936826,55669.2518346344,55577.32680313351
2026-04-07,58320.28029856681,55669.2518346344,55581.83517965944
2026-04-08,60062.84214554521,55669.2518346344,56384.07183448441
2026-04-09,60469.26108512468,55669.2518346344,56546.733763337834
2026-04-10,60556.67348752306,55669.2518346344,56581.95617370929
2026-04-13,61185.02544507622,55669.2518346344,56834.93960203683
2026-04-14,62292.171348070646,55669.2518346344,57278.087066493135
2026-04-15,63163.59948812532,56429.848447355376,57861.251825656
2026-04-16,63467.46570913364,56701.32006928209,58065.97117489067
2026-04-17,64295.319801922524,57440.91821396006,58623.002797300935
2026-04-20,64091.03705513624,57258.41366173411,58486.01688660151
2026-04-21,63848.28576153204,57041.54162119975,58313.72108007771
2026-04-22,64912.10557919582,57991.94963424129,59063.002490377396
2026-04-23,64545.97270125173,57664.849485082384,58806.09076780169
2026-04-24,65774.84616724818,58762.715091367114,59669.49802492536
2026-04-27,65809.58176504177,58793.747593236934,59693.54740148726
2026-04-28,65147.894545591276,58202.601588010264,59161.43419559452
2026-04-29,65545.70301765925,58558.00045653246,59480.460215341736
2026-04-30,66155.65475569096,59102.92640147963,60016.12265506347
2026-05-01,66789.67496582771,59669.35492456122,60575.29145969045
2026-05-04,66663.98530757744,59557.06480138997,60464.46981314133
2026-05-05,67526.17783301763,60327.34062381486,61224.7122356134
2026-05-06,68921.89025376752,61574.2588016463,62454.950974603664
2026-05-07,68839.85940082143,61500.97310169779,62379.26166303726
2026-05-08,70445.55211843993,62935.4859768747,63834.26065714563
2026-05-11,70649.94545867972,63118.08933239672,64013.44078635397
2026-05-12,70050.01253290221,62582.114113211064,63483.68803647637
2026-05-13,70788.09652042337,63241.51237256879,64135.572899069004
2026-05-14,71291.29890469008,63691.069309042236,64579.88957738796
2026-05-15,70214.05169536083,62728.665372987045,63628.874659060486
2026-05-18,69914.02494532485,62460.62390334494,63379.60813967044
2026-05-19,69484.66302129756,62077.03543628045,63025.75793867463
2026-05-20,70631.44188011704,63101.55838510291,63971.38408781279
2026-05-21,70769.3414646014,63224.756757527335,64084.927333964755
2026-05-22,71069.71090197032,63493.10438125851,64332.20059511941
2026-05-26,72326.60440273593,64616.00285977229,65408.42689254659
2026-05-27,72245.67139657898,64543.69796725767,65339.610210691986
2026-05-28,72854.54629719318,65087.66187437347,65862.15460966389
2026-05-29,73122.80666175322,65327.32351239334,66092.90213967329
2026-06-01,73562.53347323423,65720.17188600094,66471.07137088661
2026-06-02,73901.4233503448,66022.9333587585,66762.4353580524
2026-06-03,73708.76769269838,65850.81635384403,66596.83456621875
2026-06-04,73358.24186628696,65537.6594181789,66295.49529553385
2026-06-05,69801.18942383629,62359.817561897056,63079.10239628609
2026-06-08,70894.2441654153,63336.34381929572,63811.80180323618
2026-06-09,70092.78139957298,62620.32347246315,63272.56040484229
2026-06-10,68685.63226923923,61363.18783087437,62323.06670735934
2026-06-11,70991.40879410469,63423.14991197914,63886.97028359741
2026-06-12,71408.91878382085,63402.64301334101,64027.56038863513
2026-06-15,73638.87943705883,63402.64301334101,64816.60750839814
2026-06-16,72236.45015097977,63402.64301334101,64354.018496213364
2026-06-17,71518.09804027175,63402.64301334101,64114.836759451246
2026-06-18,73303.98466360263,63402.64301334101,64713.20403832651
2026-06-22,73121.18657260826,63402.64301334101,64655.327006046595
2026-06-23,70706.94973984797,63402.64301334101,63906.63498224227
2026-06-24,70407.872299399,63402.64301334101,63811.8303068051
2026-06-25,70998.42613456711,63402.64301334101,63999.54649563952
2026-06-26,70020.43965975313,63402.64301334101,63690.358035485086
2026-06-29,71750.28031893252,63402.64301334101,64242.203160509125
2026-06-30,72970.9229470318,63402.64301334101,64625.51091878983
2026-07-01,71854.183440256,63402.64301334101,64278.639686386785
2026-07-02,70609.39867260121,63402.64301334101,63888.09463711921
2026-07-06,71619.15540389277,63402.64301334101,64208.52704467516
2026-07-07,70286.74451415046,63402.64301334101,63789.57536274734
2026-07-08,70489.97239843011,63402.64301334101,63854.26308082438
2026-07-09,71658.38626823781,63402.64301334101,64225.474658618834
2026-07-10,71881.02576495944,63402.64301334101,64295.45962577925
2026-07-13,70510.30913792875,63402.64301334101,63865.45218280216
2026-07-14,71298.5152318576,63402.64301334101,64115.8412796015
2026-07-15,71108.8094029792,63402.64301334101,64056.01006944358
2026-07-16,69934.90702431744,63402.64301334101,63630.546824613
2026-07-17,68891.34652584852,63402.64301334101,63250.14502050171
2026-07-20,68969.54967347634,63402.64301334101,63278.91068219482
2026-07-21,70245.20538298739,63402.64301334101,63782.47863893433
2026-07-22,69887.83721235373,63402.64301334101,63642.47273334506
2026-07-23,68556.99904576421,63402.64301334101,63082.408204399166
2026-07-24,67789.7586780884,63402.64301334101,62756.968979824866
2026-07-27,67590.9145629757,63402.64301334101,62672.11101717176
2026-07-28,66933.31216847137,63402.64301334101,62391.03009303467
2026-07-29,65569.89345363919,63402.64301334101,61759.8415366013
2026-07-30,67715.18801881545,63402.64301334101,62761.0348663727
2026-07-31,68160.08027229548,63402.64301334101,62937.56095248145
2026-08-03,69356.33840064307,63402.64301334101,63415.85565769834
2026-08-04,71694.47598938161,63402.64301334101,64341.56067963175
2026-08-05,71048.65509335739,63402.64301334101,64108.87158133357
2026-08-06,70789.63424021871,63402.64301334101,64015.641052310435
